league,matchid,inningsno,bowlingteam,bowlername,overs,maidens,runsconceded,wickets,econ
224,3763,1,OIS TIGERS (ISDT 8.0),Nishant Shah,3.0,0.0,25.0,1.0,8.33
224,3763,1,OIS TIGERS (ISDT 8.0),Abhishek Dutt,3.0,0.0,22.0,0.0,7.33
224,3763,1,OIS TIGERS (ISDT 8.0),Sahil Shah,4.0,0.0,26.0,1.0,6.5
224,3763,1,OIS TIGERS (ISDT 8.0),Nimit Parikh,2.0,0.0,17.0,0.0,8.5
224,3763,1,OIS TIGERS (ISDT 8.0),Ajit Virwani,4.0,0.0,49.0,1.0,12.25
224,3763,1,OIS TIGERS (ISDT 8.0),Arun Madhu,1.0,0.0,13.0,0.0,13.0
224,3763,1,OIS TIGERS (ISDT 8.0),Vikram Panjwani,3.0,0.0,36.0,1.0,12.0
224,3763,2,PETIT PANTHERS (ISDT 8.0),Sachin Deshpande,4.0,0.0,35.0,1.0,8.75
224,3763,2,PETIT PANTHERS (ISDT 8.0),Sachin Jadhavar,4.0,0.0,30.0,2.0,7.5
224,3763,2,PETIT PANTHERS (ISDT 8.0),Rohan Vyavaharkar,1.0,0.0,13.0,0.0,13.0
224,3763,2,PETIT PANTHERS (ISDT 8.0),Kashif Shaikh,4.0,0.0,33.0,2.0,8.25
224,3763,2,PETIT PANTHERS (ISDT 8.0),Munawar Mansuri,4.0,0.0,41.0,1.0,10.25
224,3763,2,PETIT PANTHERS (ISDT 8.0),Harshraj Alaspure,2.0,0.0,29.0,0.0,14.5
224,3763,2,PETIT PANTHERS (ISDT 8.0),Shakir Shandiwan,0.1,0.0,4.0,0.0,24.0
224,3768,1,UTPAL WARRIORS (ISDT 8.0),Pratik Desai,2.0,0.0,11.0,1.0,5.5
224,3768,1,UTPAL WARRIORS (ISDT 8.0),Deven Dhruva,4.0,1.0,26.0,2.0,6.5
224,3768,1,UTPAL WARRIORS (ISDT 8.0),Shailesh Maniya,2.0,0.0,13.0,0.0,6.5
224,3768,1,UTPAL WARRIORS (ISDT 8.0),Asgar Khan,4.0,0.0,5.0,3.0,1.25
224,3768,1,UTPAL WARRIORS (ISDT 8.0),Gautam Sheth,4.0,0.0,30.0,0.0,7.5
224,3768,1,UTPAL WARRIORS (ISDT 8.0),Rushabh Shah,3.0,0.0,15.0,1.0,5.0
224,3768,1,UTPAL WARRIORS (ISDT 8.0),Miraj Vora,1.0,0.0,17.0,0.0,17.0
224,3768,2,SCOTTISH STARS (ISDT 8.0),Justin .,1.0,0.0,18.0,0.0,18.0
224,3768,2,SCOTTISH STARS (ISDT 8.0),Shashank .,1.0,0.0,19.0,0.0,19.0
224,3768,2,SCOTTISH STARS (ISDT 8.0),Mayur .,2.0,0.0,19.0,0.0,9.5
224,3768,2,SCOTTISH STARS (ISDT 8.0),Prateek .,2.0,0.0,23.0,1.0,11.5
224,3768,2,SCOTTISH STARS (ISDT 8.0),Prerak .,1.0,0.0,12.0,0.0,12.0
224,3768,2,SCOTTISH STARS (ISDT 8.0),Nikhil .,1.0,0.0,13.0,1.0,13.0
224,3768,2,SCOTTISH STARS (ISDT 8.0),Charles Sam,1.0,0.0,9.0,0.0,9.0
224,3772,1,JBCN AVENGERS (ISDT 8.0),Rayed Merchant,4.0,0.0,23.0,2.0,5.75
224,3772,1,JBCN AVENGERS (ISDT 8.0),Vaseem Lashkaria,4.0,0.0,23.0,1.0,5.75
224,3772,1,JBCN AVENGERS (ISDT 8.0),Sadiq Lashkaria,4.0,0.0,35.0,1.0,8.75
224,3772,1,JBCN AVENGERS (ISDT 8.0),Kartik Kapoor,4.0,1.0,23.0,0.0,5.75
224,3772,1,JBCN AVENGERS (ISDT 8.0),Vineet Kakani,4.0,0.0,31.0,2.0,7.75
224,3772,2,NIS LAKERS (ISDT 8.0),Jitendra Singh,3.0,0.0,24.0,1.0,8.0
224,3772,2,NIS LAKERS (ISDT 8.0),Girish .,4.0,1.0,16.0,2.0,4.0
224,3772,2,NIS LAKERS (ISDT 8.0),Vibhu Manya,4.0,0.0,25.0,2.0,6.25
224,3772,2,NIS LAKERS (ISDT 8.0),Kamaldeep Singh Bhatia,1.0,0.0,5.0,0.0,5.0
224,3772,2,NIS LAKERS (ISDT 8.0),Amol Saxena,4.0,1.0,32.0,3.0,8.0
224,3772,2,NIS LAKERS (ISDT 8.0),Dhiraj Sharma,1.0,0.0,10.0,0.0,10.0
224,3772,2,NIS LAKERS (ISDT 8.0),Jalpan Shah,3.0,0.0,23.0,1.0,7.67
224,3816,1,JNS SUPREMOS (ISDT 8.0),Pradeep Tewani,4.0,1.0,32.0,1.0,8.0
224,3816,1,JNS SUPREMOS (ISDT 8.0),Aditya Jain,3.0,0.0,33.0,0.0,11.0
224,3816,1,JNS SUPREMOS (ISDT 8.0),Varun Sood,4.0,0.0,22.0,1.0,5.5
224,3816,1,JNS SUPREMOS (ISDT 8.0),Abhishek Pingley,4.0,0.0,33.0,1.0,8.25
224,3816,1,JNS SUPREMOS (ISDT 8.0),Pritesh Magodia,1.0,0.0,16.0,0.0,16.0
224,3816,1,JNS SUPREMOS (ISDT 8.0),Rahul Agarwal,1.0,0.0,17.0,0.0,17.0
224,3816,1,JNS SUPREMOS (ISDT 8.0),Kanav Hingorani,3.0,0.0,18.0,0.0,6.0
224,3816,2,BD ROYALS (ISDT 8.0),Rishabh Shah,4.0,0.0,21.0,1.0,5.25
224,3816,2,BD ROYALS (ISDT 8.0),Suchit Shah,4.0,0.0,29.0,1.0,7.25
224,3816,2,BD ROYALS (ISDT 8.0),Himanshu Ranka,4.0,0.0,34.0,1.0,8.5
224,3816,2,BD ROYALS (ISDT 8.0),Rajiv Hingoo,4.0,0.0,30.0,1.0,7.5
224,3816,2,BD ROYALS (ISDT 8.0),Shamit Desai,4.0,0.0,34.0,1.0,8.5
224,3817,1,JBCN UNITED (ISDT 8.0),Ashay Dhani,2.0,0.0,14.0,1.0,7.0
224,3817,1,JBCN UNITED (ISDT 8.0),Brijesh Advani,3.0,0.0,17.0,0.0,5.67
224,3817,1,JBCN UNITED (ISDT 8.0),Saumil Gandhi,2.0,0.0,20.0,0.0,10.0
224,3817,1,JBCN UNITED (ISDT 8.0),Pareen Vasa,1.0,0.0,13.0,0.0,13.0
224,3817,1,JBCN UNITED (ISDT 8.0),Nitin Kukreja,1.0,0.0,9.0,0.0,9.0
224,3817,1,JBCN UNITED (ISDT 8.0),Jaineel Aga,3.0,0.0,21.0,1.0,7.0
224,3817,1,JBCN UNITED (ISDT 8.0),Anshuman Agarwalla,1.0,0.0,13.0,0.0,13.0
224,3817,1,JBCN UNITED (ISDT 8.0),Munish Tahiliani,3.0,0.0,24.0,2.0,8.0
224,3817,1,JBCN UNITED (ISDT 8.0),Kunal Mehta,2.0,0.0,14.0,1.0,7.0
224,3817,1,JBCN UNITED (ISDT 8.0),Bhavik Vasa,2.0,0.0,21.0,0.0,10.5
224,3817,2,DAIS ACES (ISDT 8.0),Hrithik .,3.0,0.0,17.0,1.0,5.67
224,3817,2,DAIS ACES (ISDT 8.0),Divya Mehta,1.0,0.0,5.0,1.0,5.0
224,3817,2,DAIS ACES (ISDT 8.0),Pranav Marwah,3.0,1.0,31.0,2.0,10.33
224,3817,2,DAIS ACES (ISDT 8.0),Bhoumick Vaidya,3.1,0.0,23.0,1.0,7.26
224,3817,2,DAIS ACES (ISDT 8.0),Nikhil Khanedlwal,3.0,0.0,11.0,1.0,3.67
224,3817,2,DAIS ACES (ISDT 8.0),Harsh Shah,2.0,0.0,8.0,0.0,4.0
224,3817,2,DAIS ACES (ISDT 8.0),Krshna Bajaj,3.0,0.0,13.0,3.0,4.33
224,3817,2,DAIS ACES (ISDT 8.0),Vinit Sheth,1.0,0.0,4.0,0.0,4.0
224,3818,1,PETIT PANTHERS (ISDT 8.0),Paarth Dholakia,4.0,0.0,39.0,0.0,9.75
224,3818,1,PETIT PANTHERS (ISDT 8.0),Kashif Shaikh,4.0,0.0,37.0,0.0,9.25
224,3818,1,PETIT PANTHERS (ISDT 8.0),Sachin Jadhavar,3.0,0.0,37.0,0.0,12.33
224,3818,1,PETIT PANTHERS (ISDT 8.0),Harshraj Alaspure,2.0,0.0,17.0,1.0,8.5
224,3818,1,PETIT PANTHERS (ISDT 8.0),Munawar Mansuri,3.0,0.0,28.0,1.0,9.33
224,3818,1,PETIT PANTHERS (ISDT 8.0),Ranjith Kariyat,3.0,0.0,34.0,2.0,11.33
224,3818,1,PETIT PANTHERS (ISDT 8.0),Shawn Brindley,1.0,0.0,17.0,0.0,17.0
224,3818,2,JNS MUSTANGS (ISDT 8.0),Hitesh Patel,4.0,0.0,26.0,1.0,6.5
224,3818,2,JNS MUSTANGS (ISDT 8.0),Rohit Saraf,4.0,0.0,31.0,0.0,7.75
224,3818,2,JNS MUSTANGS (ISDT 8.0),Meet Shah,4.0,0.0,24.0,3.0,6.0
224,3818,2,JNS MUSTANGS (ISDT 8.0),Jekin Shah,4.0,0.0,42.0,1.0,10.5
224,3818,2,JNS MUSTANGS (ISDT 8.0),Hemal Chitalia,1.0,0.0,14.0,0.0,14.0
224,3818,2,JNS MUSTANGS (ISDT 8.0),Chintu Karia,1.0,0.0,12.0,0.0,12.0
224,3818,2,JNS MUSTANGS (ISDT 8.0),Vikas Linga,1.0,0.0,9.0,1.0,9.0
224,3818,2,JNS MUSTANGS (ISDT 8.0),Rajeev Asija,1.0,0.0,5.0,1.0,5.0
224,3819,1,SCOTTISH STRIKING STARS (ISDT 8.0),Sunil Punjabi,4.0,1.0,15.0,3.0,3.75
224,3819,1,SCOTTISH STRIKING STARS (ISDT 8.0),Himanshu Waingankar,3.0,0.0,11.0,0.0,3.67
224,3819,1,SCOTTISH STRIKING STARS (ISDT 8.0),Isaac Nazareth,2.0,0.0,13.0,0.0,6.5
224,3819,1,SCOTTISH STRIKING STARS (ISDT 8.0),Tripooraj Dhawale,4.0,0.0,13.0,2.0,3.25
224,3819,1,SCOTTISH STRIKING STARS (ISDT 8.0),Advait Godse,3.0,0.0,18.0,0.0,6.0
224,3819,1,SCOTTISH STRIKING STARS (ISDT 8.0),Vinod Giri,4.0,0.0,15.0,1.0,3.75
224,3819,2,JBCN STARS (ISDT 8.0),Anuj Sadh,2.0,0.0,26.0,0.0,13.0
224,3819,2,JBCN STARS (ISDT 8.0),Shagun Shah,2.0,0.0,25.0,0.0,12.5
224,3819,2,JBCN STARS (ISDT 8.0),Karan Sharma,1.0,0.0,10.0,0.0,10.0
224,3819,2,JBCN STARS (ISDT 8.0),Rahul Chaudhary,1.0,0.0,13.0,0.0,13.0
224,3821,1,MRV RISERS (ISDT 8.0),Ritesh Parekh,2.0,0.0,20.0,0.0,10.0
224,3821,1,MRV RISERS (ISDT 8.0),Sameer Shirodkar,3.0,0.0,31.0,0.0,10.33
224,3821,1,MRV RISERS (ISDT 8.0),Mitesh Zavery,4.0,0.0,31.0,2.0,7.75
224,3821,1,MRV RISERS (ISDT 8.0),Chinmay Dalvi,3.0,0.0,21.0,0.0,7.0
224,3821,1,MRV RISERS (ISDT 8.0),Mayur Bikhchandani,1.0,0.0,6.0,0.0,6.0
224,3821,1,MRV RISERS (ISDT 8.0),Dhruven Jain,4.0,0.0,33.0,0.0,8.25
224,3821,1,MRV RISERS (ISDT 8.0),Sahil Shah,1.0,0.0,12.0,0.0,12.0
224,3821,1,MRV RISERS (ISDT 8.0),Jinesh Shah,2.0,0.0,15.0,2.0,7.5
224,3821,2,JNS TOROS (ISDT 8.0),Shamin Karbhari,3.0,0.0,27.0,1.0,9.0
224,3821,2,JNS TOROS (ISDT 8.0),Shobhan Parekh,4.0,0.0,8.0,1.0,2.0
224,3821,2,JNS TOROS (ISDT 8.0),Keyur M Shah,2.0,0.0,12.0,0.0,6.0
224,3821,2,JNS TOROS (ISDT 8.0),Divi Sisodia,2.0,1.0,9.0,2.0,4.5
224,3821,2,JNS TOROS (ISDT 8.0),Ashank Shah,4.0,0.0,17.0,1.0,4.25
224,3821,2,JNS TOROS (ISDT 8.0),Tejas P Dharia,2.0,0.0,13.0,2.0,6.5
224,3821,2,JNS TOROS (ISDT 8.0),Gurmeet Singh Ahuja,1.0,0.0,6.0,0.0,6.0
224,3821,2,JNS TOROS (ISDT 8.0),Don Shroff,2.0,0.0,11.0,1.0,5.5
224,3822,1,AVM ARYANS (ISDT 8.0),Akshay Borkar,3.0,0.0,24.0,1.0,8.0
224,3822,1,AVM ARYANS (ISDT 8.0),Anish Madkaikar,1.0,0.0,16.0,0.0,16.0
224,3822,1,AVM ARYANS (ISDT 8.0),Balakrishna Shirke,4.0,0.0,14.0,3.0,3.5
224,3822,1,AVM ARYANS (ISDT 8.0),Nishant Patankar,4.0,0.0,27.0,1.0,6.75
224,3822,1,AVM ARYANS (ISDT 8.0),Vinesh .,1.0,0.0,3.0,0.0,3.0
224,3822,1,AVM ARYANS (ISDT 8.0),Mahesh Biyani,3.0,0.0,28.0,2.0,9.33
224,3822,1,AVM ARYANS (ISDT 8.0),Ashwin Pathak,2.0,0.0,18.0,0.0,9.0
224,3822,1,AVM ARYANS (ISDT 8.0),Siddhant Dalmia,2.0,0.0,19.0,0.0,9.5
224,3822,2,JNS SUPREMOS (ISDT 8.0),Vishal .,4.0,0.0,26.0,2.0,6.5
224,3822,2,JNS SUPREMOS (ISDT 8.0),Pradeep Tewani,4.0,0.0,20.0,3.0,5.0
224,3822,2,JNS SUPREMOS (ISDT 8.0),Varun Sood,3.4,1.0,20.0,4.0,5.45
224,3822,2,JNS SUPREMOS (ISDT 8.0),Pritesh Magodia,2.0,0.0,19.0,0.0,9.5
224,3822,2,JNS SUPREMOS (ISDT 8.0),Aditya Jain,3.0,0.0,26.0,0.0,8.67
224,3822,2,JNS SUPREMOS (ISDT 8.0),Vishal Merwana,2.0,0.0,21.0,0.0,10.5
224,3823,1,OIS BLASTERS (ISDT 8.0),Jay Parikh,4.0,0.0,37.0,0.0,9.25
224,3823,1,OIS BLASTERS (ISDT 8.0),Nishit .,4.0,0.0,33.0,1.0,8.25
224,3823,1,OIS BLASTERS (ISDT 8.0),Vinod Lund,4.0,0.0,36.0,2.0,9.0
224,3823,1,OIS BLASTERS (ISDT 8.0),Amanpreet Singh,4.0,0.0,35.0,0.0,8.75
224,3823,1,OIS BLASTERS (ISDT 8.0),Happy Bindra,4.0,0.0,37.0,2.0,9.25
224,3823,2,BD ROYALS (ISDT 8.0),Rishabh Shah,3.0,0.0,21.0,1.0,7.0
224,3823,2,BD ROYALS (ISDT 8.0),Suchit Shah,4.0,0.0,27.0,1.0,6.75
224,3823,2,BD ROYALS (ISDT 8.0),Amit Minde,3.0,0.0,21.0,0.0,7.0
224,3823,2,BD ROYALS (ISDT 8.0),Saurabh Jhaveri,4.0,1.0,13.0,1.0,3.25
224,3823,2,BD ROYALS (ISDT 8.0),Babul Mody,2.0,0.0,21.0,0.0,10.5
224,3823,2,BD ROYALS (ISDT 8.0),Shamit Desai,2.0,0.0,20.0,1.0,10.0
224,3823,2,BD ROYALS (ISDT 8.0),Jay Desai .,2.0,0.0,20.0,0.0,10.0
224,3825,1,AB WARRIORS (ISDT 8.0),Amit Photographer,4.0,0.0,46.0,1.0,11.5
224,3825,1,AB WARRIORS (ISDT 8.0),Gaurav Mehta,3.0,0.0,31.0,2.0,10.33
224,3825,1,AB WARRIORS (ISDT 8.0),Krupesh Ved,4.0,0.0,29.0,2.0,7.25
224,3825,1,AB WARRIORS (ISDT 8.0),Rajat Mangla,3.0,0.0,33.0,0.0,11.0
224,3825,1,AB WARRIORS (ISDT 8.0),Anish Shah,2.0,0.0,20.0,0.0,10.0
224,3825,1,AB WARRIORS (ISDT 8.0),Avneet Goel,2.0,0.0,26.0,0.0,13.0
224,3825,1,AB WARRIORS (ISDT 8.0),Ravi Makharia,1.0,0.0,15.0,0.0,15.0
224,3825,1,AB WARRIORS (ISDT 8.0),Naresh Naik,1.0,0.0,12.0,1.0,12.0
224,3825,2,GREENLAWNS GLADIATORS (ISDT 8.0),Sunny Jain,2.0,0.0,15.0,1.0,7.5
224,3825,2,GREENLAWNS GLADIATORS (ISDT 8.0),Kaushal Trivedi,3.0,1.0,24.0,0.0,8.0
224,3825,2,GREENLAWNS GLADIATORS (ISDT 8.0),Hitesh Bhayani,4.0,0.0,35.0,0.0,8.75
224,3825,2,GREENLAWNS GLADIATORS (ISDT 8.0),Dhimant Mandalia,2.0,0.0,25.0,0.0,12.5
224,3825,2,GREENLAWNS GLADIATORS (ISDT 8.0),Jitu Kothari,4.0,0.0,39.0,1.0,9.75
224,3825,2,GREENLAWNS GLADIATORS (ISDT 8.0),Chirag Damani,2.0,0.0,20.0,0.0,10.0
224,3825,2,GREENLAWNS GLADIATORS (ISDT 8.0),Jimish Shah,2.0,0.0,19.0,0.0,9.5
224,3825,2,GREENLAWNS GLADIATORS (ISDT 8.0),Viral Shah,1.0,0.0,12.0,1.0,12.0
224,3826,1,USG GLADDIATORS (ISDT 8.0),Alok Modi,4.0,0.0,25.0,1.0,6.25
224,3826,1,USG GLADDIATORS (ISDT 8.0),Ritesh Bhalani,4.0,0.0,27.0,0.0,6.75
224,3826,1,USG GLADDIATORS (ISDT 8.0),Saumil Khandwala,3.0,0.0,19.0,0.0,6.33
224,3826,1,USG GLADDIATORS (ISDT 8.0),Ronak Mehta,1.0,0.0,13.0,0.0,13.0
224,3826,1,USG GLADDIATORS (ISDT 8.0),Vipin Jain,4.0,0.0,28.0,3.0,7.0
224,3826,1,USG GLADDIATORS (ISDT 8.0),Anand Bachawat,4.0,0.0,24.0,2.0,6.0
224,3826,2,PODAR PHANTOMS (ISDT 8.0),Raviraj Shetty,3.5,0.0,27.0,0.0,7.04
224,3826,2,PODAR PHANTOMS (ISDT 8.0),Jay Samant,4.0,0.0,27.0,2.0,6.75
224,3826,2,PODAR PHANTOMS (ISDT 8.0),Viren Shah,4.0,0.0,25.0,0.0,6.25
224,3826,2,PODAR PHANTOMS (ISDT 8.0),Paresh Shah,4.0,0.0,20.0,2.0,5.0
224,3826,2,PODAR PHANTOMS (ISDT 8.0),Jay Bharadwaj,1.0,0.0,12.0,0.0,12.0
224,3826,2,PODAR PHANTOMS (ISDT 8.0),Jayan Shah,3.0,0.0,19.0,1.0,6.33
224,3827,1,CAMP RANGERS (ISDT 8.0),Anuj Goyal,3.0,0.0,13.0,1.0,4.33
224,3827,1,CAMP RANGERS (ISDT 8.0),Rahul Pandey,3.0,0.0,18.0,2.0,6.0
224,3827,1,CAMP RANGERS (ISDT 8.0),Amish Dani,4.0,0.0,27.0,0.0,6.75
224,3827,1,CAMP RANGERS (ISDT 8.0),Zubin Engineer,2.0,0.0,18.0,0.0,9.0
224,3827,1,CAMP RANGERS (ISDT 8.0),Karan Doshi,4.0,0.0,23.0,3.0,5.75
224,3827,1,CAMP RANGERS (ISDT 8.0),Chintit Vora,4.0,0.0,29.0,2.0,7.25
224,3827,2,JBCN UNITED (ISDT 8.0),Ashay Dhani,4.0,0.0,22.0,2.0,5.5
224,3827,2,JBCN UNITED (ISDT 8.0),Rohith Bhat,4.0,0.0,22.0,1.0,5.5
224,3827,2,JBCN UNITED (ISDT 8.0),Saumil Gandhi,1.0,0.0,18.0,0.0,18.0
224,3827,2,JBCN UNITED (ISDT 8.0),Anshuman Agarwalla,3.4,0.0,21.0,1.0,5.73
224,3827,2,JBCN UNITED (ISDT 8.0),Munish Tahiliani,1.0,0.0,17.0,1.0,17.0
224,3827,2,JBCN UNITED (ISDT 8.0),Nitin Kukreja,1.0,0.0,7.0,0.0,7.0
224,3827,2,JBCN UNITED (ISDT 8.0),Jaineel Aga,3.0,0.0,14.0,0.0,4.67
224,3827,2,JBCN UNITED (ISDT 8.0),Kunal Mehta,1.0,0.0,11.0,0.0,11.0
224,3828,1,AB DEVILS (ISDT 8.0),Karan Jhaveri,2.0,0.0,19.0,1.0,9.5
224,3828,1,AB DEVILS (ISDT 8.0),Dhawal Shah,3.0,0.0,33.0,0.0,11.0
224,3828,1,AB DEVILS (ISDT 8.0),Kalpesh Bohra,3.0,0.0,29.0,2.0,9.67
224,3828,1,AB DEVILS (ISDT 8.0),Dhruv Biyani,2.0,0.0,21.0,0.0,10.5
224,3828,1,AB DEVILS (ISDT 8.0),Dhaval Shah,3.0,0.0,26.0,0.0,8.67
224,3828,1,AB DEVILS (ISDT 8.0),Anay Jhaveri,3.0,0.0,28.0,1.0,9.33
224,3828,1,AB DEVILS (ISDT 8.0),Akhil Shah,4.0,0.0,32.0,0.0,8.0
224,3828,2,GE ROARING TIGERS (ISDT 8.0),Prasad Arolkar,2.0,0.0,5.0,2.0,2.5
224,3828,2,GE ROARING TIGERS (ISDT 8.0),Gurunath Gavli,2.0,0.0,13.0,1.0,6.5
224,3828,2,GE ROARING TIGERS (ISDT 8.0),Sanjay Chandiramani,2.0,0.0,19.0,0.0,9.5
224,3828,2,GE ROARING TIGERS (ISDT 8.0),Kiran Pednekar,3.0,0.0,23.0,0.0,7.67
224,3828,2,GE ROARING TIGERS (ISDT 8.0),Ravish Chitrigemath,3.0,0.0,32.0,0.0,10.67
224,3828,2,GE ROARING TIGERS (ISDT 8.0),Vipin Rai,1.0,0.0,9.0,0.0,9.0
224,3828,2,GE ROARING TIGERS (ISDT 8.0),Arvind Shetty,3.0,0.0,18.0,2.0,6.0
224,3828,2,GE ROARING TIGERS (ISDT 8.0),Harshwardhan Deshpande,2.0,0.0,23.0,1.0,11.5
224,3828,2,GE ROARING TIGERS (ISDT 8.0),Yogesh Wagh,2.0,0.0,27.0,0.0,13.5
224,3829,1,DAIS ACES (ISDT 8.0),Divya Mehta,2.0,0.0,20.0,0.0,10.0
224,3829,1,DAIS ACES (ISDT 8.0),Hrithik .,3.0,0.0,20.0,0.0,6.67
224,3829,1,DAIS ACES (ISDT 8.0),Nishant Fadia,2.0,0.0,22.0,0.0,11.0
224,3829,1,DAIS ACES (ISDT 8.0),Pranav Marwah,4.0,0.0,30.0,2.0,7.5
224,3829,1,DAIS ACES (ISDT 8.0),Harsh Shah,3.0,0.0,23.0,1.0,7.67
224,3829,1,DAIS ACES (ISDT 8.0),Bhoumick Vaidya,3.0,0.0,24.0,0.0,8.0
224,3829,1,DAIS ACES (ISDT 8.0),Krshna Bajaj,3.0,0.0,24.0,0.0,8.0
224,3829,2,JB SUPER DADS (ISDT 8.0),Gaurav Doshi,4.0,0.0,19.0,2.0,4.75
224,3829,2,JB SUPER DADS (ISDT 8.0),Punit Satiya,4.0,0.0,32.0,0.0,8.0
224,3829,2,JB SUPER DADS (ISDT 8.0),Bhairav Sheth,2.0,0.0,19.0,1.0,9.5
224,3829,2,JB SUPER DADS (ISDT 8.0),Kalpesh Sanghvi,3.0,0.0,31.0,0.0,10.33
224,3829,2,JB SUPER DADS (ISDT 8.0),Parag Mehta,4.0,0.0,26.0,0.0,6.5
224,3829,2,JB SUPER DADS (ISDT 8.0),Jatin Vakharia,3.0,0.0,25.0,2.0,8.33
224,3830,1,SCOTTISH STRIKING STARS (ISDT 8.0),Sunil Punjabi,4.0,0.0,17.0,4.0,4.25
224,3830,1,SCOTTISH STRIKING STARS (ISDT 8.0),Nishant Ranka,3.0,0.0,15.0,1.0,5.0
224,3830,1,SCOTTISH STRIKING STARS (ISDT 8.0),Isaac Nazareth,3.0,1.0,15.0,0.0,5.0
224,3830,1,SCOTTISH STRIKING STARS (ISDT 8.0),Vinod Giri,3.0,0.0,22.0,0.0,7.33
224,3830,1,SCOTTISH STRIKING STARS (ISDT 8.0),Himanshu Waingankar,3.0,0.0,17.0,1.0,5.67
224,3830,1,SCOTTISH STRIKING STARS (ISDT 8.0),Advait Godse,3.0,0.0,20.0,1.0,6.67
224,3830,1,SCOTTISH STRIKING STARS (ISDT 8.0),Pavan Patheja,1.0,0.0,8.0,0.0,8.0
224,3830,2,MRV RISERS (ISDT 8.0),Chinmay Dalvi,2.0,0.0,28.0,0.0,14.0
224,3830,2,MRV RISERS (ISDT 8.0),Mitesh Zavery,4.0,2.0,12.0,2.0,3.0
224,3830,2,MRV RISERS (ISDT 8.0),Pramod Chandan,3.0,0.0,21.0,1.0,7.0
224,3830,2,MRV RISERS (ISDT 8.0),Dhruven Jain,3.5,0.0,38.0,0.0,9.91
224,3830,2,MRV RISERS (ISDT 8.0),Utsav Tolia,1.0,0.0,13.0,0.0,13.0
224,3831,1,OIS BLASTERS (ISDT 8.0),Jay Parikh,4.0,0.0,25.0,2.0,6.25
224,3831,1,OIS BLASTERS (ISDT 8.0),Amanpreet Singh,3.0,1.0,15.0,0.0,5.0
224,3831,1,OIS BLASTERS (ISDT 8.0),Happy Bindra,2.0,0.0,18.0,0.0,9.0
224,3831,1,OIS BLASTERS (ISDT 8.0),Gautam M,2.0,0.0,20.0,0.0,10.0
224,3831,1,OIS BLASTERS (ISDT 8.0),Vinod Lund,2.0,0.0,15.0,1.0,7.5
224,3831,1,OIS BLASTERS (ISDT 8.0),Amitraj Bachher,1.0,0.0,9.0,0.0,9.0
224,3831,1,OIS BLASTERS (ISDT 8.0),Shivanand Nayak,4.0,0.0,45.0,1.0,11.25
224,3831,1,OIS BLASTERS (ISDT 8.0),Arjun Ahuja,2.0,0.0,17.0,0.0,8.5
224,3831,2,JNS SUPREMOS (ISDT 8.0),Vishal .,4.0,0.0,20.0,1.0,5.0
224,3831,2,JNS SUPREMOS (ISDT 8.0),Rahul Agarwal,4.0,0.0,26.0,0.0,6.5
224,3831,2,JNS SUPREMOS (ISDT 8.0),Varun Sood,4.0,0.0,22.0,3.0,5.5
224,3831,2,JNS SUPREMOS (ISDT 8.0),Abhishek Pingley,1.0,0.0,15.0,0.0,15.0
224,3831,2,JNS SUPREMOS (ISDT 8.0),Pritesh Magodia,4.0,0.0,21.0,3.0,5.25
224,3831,2,JNS SUPREMOS (ISDT 8.0),Kanav Hingorani,3.0,0.0,25.0,0.0,8.33
224,3833,1,TRULY MARIANS (ISDT 8.0),Ambrish P Thaker,3.0,0.0,21.0,0.0,7.0
224,3833,1,TRULY MARIANS (ISDT 8.0),Harshit Ramanlal Darji,4.0,0.0,23.0,1.0,5.75
224,3833,1,TRULY MARIANS (ISDT 8.0),Nimesh Fatiraj Kanunga,2.0,0.0,31.0,1.0,15.5
224,3833,1,TRULY MARIANS (ISDT 8.0),Yazad Wadia,4.0,0.0,41.0,1.0,10.25
224,3833,1,TRULY MARIANS (ISDT 8.0),Rahul Doshi,4.0,0.0,32.0,1.0,8.0
224,3833,1,TRULY MARIANS (ISDT 8.0),Jinesh Indarmal Kothari,2.0,0.0,15.0,0.0,7.5
224,3833,1,TRULY MARIANS (ISDT 8.0),Dipesh Bafna,1.0,0.0,10.0,0.0,10.0
224,3833,2,NIS LAKERS (ISDT 8.0),Jitendra Singh,3.0,0.0,25.0,0.0,8.33
224,3833,2,NIS LAKERS (ISDT 8.0),Girish .,2.0,0.0,15.0,1.0,7.5
224,3833,2,NIS LAKERS (ISDT 8.0),Amol Saxena,3.0,0.0,24.0,1.0,8.0
224,3833,2,NIS LAKERS (ISDT 8.0),Vibhu Manya,2.0,0.0,7.0,0.0,3.5
224,3833,2,NIS LAKERS (ISDT 8.0),Kamaldeep Singh Bhatia,3.0,0.0,28.0,1.0,9.33
224,3833,2,NIS LAKERS (ISDT 8.0),Gandharv Jain,2.0,0.0,21.0,0.0,10.5
224,3833,2,NIS LAKERS (ISDT 8.0),Dhiraj Sharma,2.0,0.0,5.0,1.0,2.5
224,3833,2,NIS LAKERS (ISDT 8.0),Rahul Bajaj,3.0,0.0,11.0,2.0,3.67
224,3834,1,CATHEDRAL KNIGHTS (ISDT 8.0),Sahil Shah,3.5,0.0,29.0,3.0,7.57
224,3834,1,CATHEDRAL KNIGHTS (ISDT 8.0),Avneesh Prasad,4.0,1.0,19.0,3.0,4.75
224,3834,1,CATHEDRAL KNIGHTS (ISDT 8.0),Pranay .,4.0,0.0,37.0,1.0,9.25
224,3834,1,CATHEDRAL KNIGHTS (ISDT 8.0),Gautam Sahni,2.3,0.0,25.0,0.0,10.0
224,3834,1,CATHEDRAL KNIGHTS (ISDT 8.0),Vishal Vora,4.0,0.0,42.0,0.0,10.5
224,3834,1,CATHEDRAL KNIGHTS (ISDT 8.0),Viral Shah,1.3,0.0,17.0,0.0,11.33
224,3834,2,OIS TIGERS (ISDT 8.0),Nishant Shah,3.0,0.0,17.0,2.0,5.67
224,3834,2,OIS TIGERS (ISDT 8.0),Abhishek Dutt,3.0,0.0,11.0,0.0,3.67
224,3834,2,OIS TIGERS (ISDT 8.0),Sharad Kelkar,4.0,0.0,23.0,0.0,5.75
224,3834,2,OIS TIGERS (ISDT 8.0),Arun Madhu,2.0,0.0,10.0,1.0,5.0
224,3834,2,OIS TIGERS (ISDT 8.0),Sahil Shah,4.0,0.0,20.0,3.0,5.0
224,3834,2,OIS TIGERS (ISDT 8.0),Bharat Kataria,1.0,0.0,9.0,0.0,9.0
224,3834,2,OIS TIGERS (ISDT 8.0),Vikram Panjwani,2.0,0.0,13.0,1.0,6.5
224,3834,2,OIS TIGERS (ISDT 8.0),Sarjak Sheth,1.0,0.0,11.0,0.0,11.0
224,3835,1,USG GLADDIATORS (ISDT 8.0),Alok Modi,3.0,0.0,34.0,0.0,11.33
224,3835,1,USG GLADDIATORS (ISDT 8.0),Shreyansh Jain,4.0,0.0,29.0,1.0,7.25
224,3835,1,USG GLADDIATORS (ISDT 8.0),Ritesh Bhalani,4.0,0.0,18.0,1.0,4.5
224,3835,1,USG GLADDIATORS (ISDT 8.0),Manish .,2.0,0.0,29.0,0.0,14.5
224,3835,1,USG GLADDIATORS (ISDT 8.0),Saumil Khandwala,1.0,0.0,15.0,0.0,15.0
224,3835,1,USG GLADDIATORS (ISDT 8.0),Rajesh Jain,3.0,0.0,31.0,1.0,10.33
224,3835,1,USG GLADDIATORS (ISDT 8.0),Deepaq Modgil,2.0,0.0,17.0,0.0,8.5
224,3835,1,USG GLADDIATORS (ISDT 8.0),Vinay Malpani,1.0,0.0,7.0,0.0,7.0
224,3835,2,JNS MUSTANGS (ISDT 8.0),Rohit Saraf,3.0,1.0,9.0,3.0,3.0
224,3835,2,JNS MUSTANGS (ISDT 8.0),Meet Shah,4.0,0.0,16.0,3.0,4.0
224,3835,2,JNS MUSTANGS (ISDT 8.0),Rajeev Asija,4.0,0.0,25.0,0.0,6.25
224,3835,2,JNS MUSTANGS (ISDT 8.0),Jekin Shah,4.0,0.0,34.0,0.0,8.5
224,3835,2,JNS MUSTANGS (ISDT 8.0),Hemal Chitalia,2.0,0.0,10.0,0.0,5.0
224,3835,2,JNS MUSTANGS (ISDT 8.0),Niraj Parab,2.0,0.0,8.0,1.0,4.0
224,3835,2,JNS MUSTANGS (ISDT 8.0),Jeetinder Diwan,1.0,0.0,21.0,0.0,21.0
224,3837,1,JBCN AVENGERS (ISDT 8.0),Rayed Merchant,3.2,0.0,7.0,3.0,2.1
224,3837,1,JBCN AVENGERS (ISDT 8.0),Vaseem Lashkaria,4.0,0.0,22.0,0.0,5.5
224,3837,1,JBCN AVENGERS (ISDT 8.0),Rikin .,2.0,0.0,15.0,0.0,7.5
224,3837,1,JBCN AVENGERS (ISDT 8.0),Kartik Kapoor,3.0,0.0,20.0,1.0,6.67
224,3837,1,JBCN AVENGERS (ISDT 8.0),Sadiq Lashkaria,4.0,0.0,19.0,4.0,4.75
224,3837,1,JBCN AVENGERS (ISDT 8.0),Akhil Seth,3.0,0.0,21.0,2.0,7.0
224,3837,2,FAZLANI UNITED (ISDT 8.0),Anees Adenwala,4.0,0.0,25.0,1.0,6.25
224,3837,2,FAZLANI UNITED (ISDT 8.0),Hitesh Bafna,2.0,0.0,17.0,0.0,8.5
224,3837,2,FAZLANI UNITED (ISDT 8.0),Nikhil Rajawat,2.0,0.0,12.0,0.0,6.0
224,3837,2,FAZLANI UNITED (ISDT 8.0),Shams .,3.0,0.0,22.0,1.0,7.33
224,3837,2,FAZLANI UNITED (ISDT 8.0),Alif Makani,2.0,0.0,9.0,1.0,4.5
224,3837,2,FAZLANI UNITED (ISDT 8.0),Vishal Jain,1.0,0.0,18.0,0.0,18.0
224,3838,1,AB WARRIORS (ISDT 8.0),Amit Photographer,4.0,0.0,32.0,1.0,8.0
224,3838,1,AB WARRIORS (ISDT 8.0),Paras Zaveri,2.2,0.0,31.0,0.0,13.29
224,3838,1,AB WARRIORS (ISDT 8.0),Gaurav Mehta,4.0,0.0,33.0,1.0,8.25
224,3838,1,AB WARRIORS (ISDT 8.0),Rajat Mangla,3.4,0.0,49.0,0.0,13.36
224,3838,1,AB WARRIORS (ISDT 8.0),Krupesh Ved,4.0,1.0,19.0,2.0,4.75
224,3838,1,AB WARRIORS (ISDT 8.0),Manish Jain,1.0,0.0,18.0,0.0,18.0
224,3838,1,AB WARRIORS (ISDT 8.0),Ravi Makharia,1.0,0.0,20.0,0.0,20.0
224,3838,2,UTPAL WARRIORS (ISDT 8.0),Siddharth Kadam,3.0,0.0,20.0,1.0,6.67
224,3838,2,UTPAL WARRIORS (ISDT 8.0),Gautam Sheth,3.0,0.0,24.0,0.0,8.0
224,3838,2,UTPAL WARRIORS (ISDT 8.0),Pratik Desai,4.0,0.0,35.0,2.0,8.75
224,3838,2,UTPAL WARRIORS (ISDT 8.0),Asgar Khan,4.0,0.0,34.0,0.0,8.5
224,3838,2,UTPAL WARRIORS (ISDT 8.0),Kalpesh Mehta,2.0,0.0,19.0,0.0,9.5
224,3838,2,UTPAL WARRIORS (ISDT 8.0),Shailesh Maniya,4.0,0.0,47.0,0.0,11.75
224,3839,1,PETIT PANTHERS (ISDT 8.0),Eric Bacha,4.0,0.0,16.0,0.0,4.0
224,3839,1,PETIT PANTHERS (ISDT 8.0),Rohan Vyavaharkar,3.0,0.0,27.0,0.0,9.0
224,3839,1,PETIT PANTHERS (ISDT 8.0),Kashif Shaikh,4.0,0.0,17.0,3.0,4.25
224,3839,1,PETIT PANTHERS (ISDT 8.0),Munawar Mansuri,4.0,0.0,21.0,0.0,5.25
224,3839,1,PETIT PANTHERS (ISDT 8.0),Sachin Deshpande,1.0,0.0,4.0,0.0,4.0
224,3839,1,PETIT PANTHERS (ISDT 8.0),Harshraj Alaspure,2.0,0.0,8.0,1.0,4.0
224,3839,1,PETIT PANTHERS (ISDT 8.0),Shakir Shandiwan,2.0,0.0,15.0,0.0,7.5
224,3839,2,PODAR PHANTOMS (ISDT 8.0),Raviraj Shetty,2.0,0.0,15.0,3.0,7.5
224,3839,2,PODAR PHANTOMS (ISDT 8.0),Rohit Kulkarni,1.0,0.0,11.0,0.0,11.0
224,3839,2,PODAR PHANTOMS (ISDT 8.0),Viren Shah,1.0,0.0,8.0,0.0,8.0
224,3839,2,PODAR PHANTOMS (ISDT 8.0),Jay Samant,1.0,0.0,11.0,0.0,11.0
224,3839,2,PODAR PHANTOMS (ISDT 8.0),Paresh Shah,3.0,0.0,31.0,1.0,10.33
224,3839,2,PODAR PHANTOMS (ISDT 8.0),Abhishek Singh,2.0,0.0,18.0,0.0,9.0
224,3839,2,PODAR PHANTOMS (ISDT 8.0),Jayan Shah,4.0,0.0,18.0,2.0,4.5
224,3839,2,PODAR PHANTOMS (ISDT 8.0),Rahul Patel,1.0,0.0,4.0,0.0,4.0
224,3840,1,JBCN UNITED (ISDT 8.0),Brijesh Advani,3.0,0.0,14.0,1.0,4.67
224,3840,1,JBCN UNITED (ISDT 8.0),Anshuman Agarwalla,2.0,0.0,30.0,0.0,15.0
224,3840,1,JBCN UNITED (ISDT 8.0),Nitin Kukreja,2.0,0.0,15.0,0.0,7.5
224,3840,1,JBCN UNITED (ISDT 8.0),Jaineel Aga,4.0,0.0,37.0,0.0,9.25
224,3840,1,JBCN UNITED (ISDT 8.0),Saumil Gandhi,3.0,0.0,23.0,1.0,7.67
224,3840,1,JBCN UNITED (ISDT 8.0),Kunal Mehta,3.0,0.0,34.0,0.0,11.33
224,3840,1,JBCN UNITED (ISDT 8.0),Munish Tahiliani,3.0,0.0,24.0,1.0,8.0
224,3840,2,JB SUPER DADS (ISDT 8.0),Gaurav Doshi,4.0,0.0,20.0,2.0,5.0
224,3840,2,JB SUPER DADS (ISDT 8.0),Punit Satiya,3.0,0.0,28.0,1.0,9.33
224,3840,2,JB SUPER DADS (ISDT 8.0),Parag Mehta,4.0,0.0,35.0,2.0,8.75
224,3840,2,JB SUPER DADS (ISDT 8.0),Bhairav Sheth,3.0,0.0,31.0,1.0,10.33
224,3840,2,JB SUPER DADS (ISDT 8.0),Kalpesh Sanghvi,2.0,0.0,12.0,0.0,6.0
224,3840,2,JB SUPER DADS (ISDT 8.0),Jatin Vakharia,1.0,0.0,11.0,0.0,11.0
224,3840,2,JB SUPER DADS (ISDT 8.0),Nehal Shah,2.0,0.0,13.0,0.0,6.5
224,3840,2,JB SUPER DADS (ISDT 8.0),Mehul Mehta,1.0,0.0,9.0,0.0,9.0
224,3841,1,JB SUPER DADS (ISDT 8.0),Gaurav Doshi,4.0,0.0,23.0,0.0,5.75
224,3841,1,JB SUPER DADS (ISDT 8.0),Punit Satiya,4.0,0.0,29.0,1.0,7.25
224,3841,1,JB SUPER DADS (ISDT 8.0),Bhairav Sheth,4.0,0.0,36.0,1.0,9.0
224,3841,1,JB SUPER DADS (ISDT 8.0),Kalpesh Sanghvi,4.0,0.0,30.0,1.0,7.5
224,3841,1,JB SUPER DADS (ISDT 8.0),Parag Mehta,4.0,0.0,26.0,1.0,6.5
224,3841,2,CAMP RANGERS (ISDT 8.0),Gautam Doshi,4.0,0.0,18.0,2.0,4.5
224,3841,2,CAMP RANGERS (ISDT 8.0),Amish Dani,3.0,0.0,33.0,2.0,11.0
224,3841,2,CAMP RANGERS (ISDT 8.0),Karan Doshi,4.0,0.0,28.0,0.0,7.0
224,3841,2,CAMP RANGERS (ISDT 8.0),Zubin Engineer,1.0,0.0,9.0,0.0,9.0
224,3841,2,CAMP RANGERS (ISDT 8.0),Anuj Goyal,4.0,0.0,26.0,3.0,6.5
224,3841,2,CAMP RANGERS (ISDT 8.0),Satbirsingh Narula,4.0,0.0,28.0,1.0,7.0
224,3842,1,AB DEVILS (ISDT 8.0),Pratik Shah,3.0,0.0,19.0,2.0,6.33
224,3842,1,AB DEVILS (ISDT 8.0),Karan Jhaveri,1.0,0.0,14.0,0.0,14.0
224,3842,1,AB DEVILS (ISDT 8.0),Dhawal Shah,3.0,0.0,31.0,2.0,10.33
224,3842,1,AB DEVILS (ISDT 8.0),Anay Jhaveri,3.0,0.0,34.0,1.0,11.33
224,3842,1,AB DEVILS (ISDT 8.0),Dhruv Biyani,4.0,0.0,21.0,1.0,5.25
224,3842,1,AB DEVILS (ISDT 8.0),Akhil Shah,2.0,0.0,20.0,0.0,10.0
224,3842,1,AB DEVILS (ISDT 8.0),Kartik Rajendra,3.0,0.0,28.0,2.0,9.33
224,3842,1,AB DEVILS (ISDT 8.0),Anuj Karani,1.0,0.0,19.0,0.0,19.0
224,3842,2,HSI LIONS (ISDT 8.0),Rishikesh Shah,2.0,0.0,17.0,0.0,8.5
224,3842,2,HSI LIONS (ISDT 8.0),Vishal Desai,3.0,0.0,24.0,0.0,8.0
224,3842,2,HSI LIONS (ISDT 8.0),Vishal Bafna,2.0,0.0,13.0,0.0,6.5
224,3842,2,HSI LIONS (ISDT 8.0),Rajiv Gokani,3.5,0.0,42.0,0.0,10.96
224,3842,2,HSI LIONS (ISDT 8.0),Kunal Dedhia,4.0,0.0,35.0,0.0,8.75
224,3842,2,HSI LIONS (ISDT 8.0),Gautam Parolia,4.0,0.0,39.0,2.0,9.75
224,3842,2,HSI LIONS (ISDT 8.0),Vishal Kalantri,1.0,0.0,17.0,0.0,17.0
224,3843,1,SCOTTISH STARS (ISDT 8.0),Justin .,4.0,0.0,49.0,3.0,12.25
224,3843,1,SCOTTISH STARS (ISDT 8.0),Shashank .,4.0,0.0,36.0,1.0,9.0
224,3843,1,SCOTTISH STARS (ISDT 8.0),Prateek .,4.0,0.0,55.0,0.0,13.75
224,3843,1,SCOTTISH STARS (ISDT 8.0),Manthan .,2.0,0.0,18.0,0.0,9.0
224,3843,1,SCOTTISH STARS (ISDT 8.0),Prerak .,4.0,0.0,33.0,2.0,8.25
224,3843,1,SCOTTISH STARS (ISDT 8.0),Nikhil .,2.0,0.0,33.0,0.0,16.5
224,3843,2,GREENLAWNS GLADIATORS (ISDT 8.0),Sunny Jain,2.0,0.0,41.0,1.0,20.5
224,3843,2,GREENLAWNS GLADIATORS (ISDT 8.0),Kaushal Trivedi,4.0,0.0,32.0,4.0,8.0
224,3843,2,GREENLAWNS GLADIATORS (ISDT 8.0),Jimish Shah,3.0,0.0,23.0,1.0,7.67
224,3843,2,GREENLAWNS GLADIATORS (ISDT 8.0),Dhimant Mandalia,1.0,0.0,17.0,0.0,17.0
224,3843,2,GREENLAWNS GLADIATORS (ISDT 8.0),Jitu Kothari,2.0,0.0,16.0,1.0,8.0
224,3843,2,GREENLAWNS GLADIATORS (ISDT 8.0),Punit Kothari,2.0,0.0,22.0,0.0,11.0
224,3843,2,GREENLAWNS GLADIATORS (ISDT 8.0),Hitesh Bhayani,3.5,0.0,26.0,3.0,6.78
224,3845,1,JNS MUSTANGS (ISDT 8.0),Rohit Saraf,4.0,0.0,32.0,0.0,8.0
224,3845,1,JNS MUSTANGS (ISDT 8.0),Meet Shah,4.0,1.0,30.0,3.0,7.5
224,3845,1,JNS MUSTANGS (ISDT 8.0),Hemal Chitalia,4.0,0.0,29.0,0.0,7.25
224,3845,1,JNS MUSTANGS (ISDT 8.0),Jekin Shah,3.0,0.0,32.0,1.0,10.67
224,3845,1,JNS MUSTANGS (ISDT 8.0),Vikas Linga,1.0,0.0,11.0,0.0,11.0
224,3845,1,JNS MUSTANGS (ISDT 8.0),Rajeev Asija,4.0,0.0,30.0,5.0,7.5
224,3845,2,CATHEDRAL KNIGHTS (ISDT 8.0),Jay Shah,4.0,0.0,27.0,3.0,6.75
224,3845,2,CATHEDRAL KNIGHTS (ISDT 8.0),Sahil Shah,4.0,1.0,27.0,1.0,6.75
224,3845,2,CATHEDRAL KNIGHTS (ISDT 8.0),Avneesh Prasad,1.0,0.0,13.0,0.0,13.0
224,3845,2,CATHEDRAL KNIGHTS (ISDT 8.0),Abhijat Sanghvi,3.0,0.0,22.0,0.0,7.33
224,3845,2,CATHEDRAL KNIGHTS (ISDT 8.0),Pranay .,4.0,0.0,34.0,0.0,8.5
224,3845,2,CATHEDRAL KNIGHTS (ISDT 8.0),Vishal Vora,2.0,0.0,25.0,2.0,12.5
224,3845,2,CATHEDRAL KNIGHTS (ISDT 8.0),Ryan Rodrigues,1.0,0.0,12.0,0.0,12.0
224,3847,1,USG GLADDIATORS (ISDT 8.0),Alok Modi,3.0,0.0,28.0,0.0,9.33
224,3847,1,USG GLADDIATORS (ISDT 8.0),Shreyansh Jain,4.0,0.0,15.0,0.0,3.75
224,3847,1,USG GLADDIATORS (ISDT 8.0),Ritesh Bhalani,4.0,0.0,33.0,2.0,8.25
224,3847,1,USG GLADDIATORS (ISDT 8.0),Vinay Malpani,4.0,0.0,31.0,1.0,7.75
224,3847,1,USG GLADDIATORS (ISDT 8.0),Anand Bachawat,2.0,0.0,15.0,0.0,7.5
224,3847,1,USG GLADDIATORS (ISDT 8.0),Vipin Jain,3.0,0.0,14.0,2.0,4.67
224,3847,2,OIS TIGERS (ISDT 8.0),Nishant Shah,2.0,0.0,20.0,1.0,10.0
224,3847,2,OIS TIGERS (ISDT 8.0),Abhishek Dutt,4.0,1.0,24.0,3.0,6.0
224,3847,2,OIS TIGERS (ISDT 8.0),Arun Madhu,4.0,0.0,28.0,2.0,7.0
224,3847,2,OIS TIGERS (ISDT 8.0),Sahil Shah,4.0,0.0,23.0,2.0,5.75
224,3847,2,OIS TIGERS (ISDT 8.0),Manav Gohil,3.0,0.0,22.0,1.0,7.33
224,3847,2,OIS TIGERS (ISDT 8.0),Ajit Virwani,3.0,0.0,18.0,0.0,6.0
224,3848,1,TRULY MARIANS (ISDT 8.0),Ambrish P Thaker,3.0,0.0,29.0,0.0,9.67
224,3848,1,TRULY MARIANS (ISDT 8.0),Yazad Wadia,2.0,0.0,20.0,0.0,10.0
224,3848,1,TRULY MARIANS (ISDT 8.0),Rahul Doshi,4.0,0.0,29.0,0.0,7.25
224,3848,1,TRULY MARIANS (ISDT 8.0),Nimesh Fatiraj Kanunga,4.0,0.0,22.0,1.0,5.5
224,3848,1,TRULY MARIANS (ISDT 8.0),Harshit Ramanlal Darji,1.0,0.0,6.0,0.0,6.0
224,3848,1,TRULY MARIANS (ISDT 8.0),Dipesh Bafna,4.0,0.0,27.0,1.0,6.75
224,3848,1,TRULY MARIANS (ISDT 8.0),Rajeev Kumar,2.0,0.0,22.0,0.0,11.0
224,3848,2,JBCN AVENGERS (ISDT 8.0),Rayed Merchant,4.0,0.0,16.0,2.0,4.0
224,3848,2,JBCN AVENGERS (ISDT 8.0),Vaseem Lashkaria,3.0,0.0,22.0,0.0,7.33
224,3848,2,JBCN AVENGERS (ISDT 8.0),Huzefa Qaiser,4.0,0.0,24.0,1.0,6.0
224,3848,2,JBCN AVENGERS (ISDT 8.0),Sadiq Lashkaria,4.0,0.0,28.0,2.0,7.0
224,3848,2,JBCN AVENGERS (ISDT 8.0),Deepan Mankad,1.0,0.0,8.0,0.0,8.0
224,3848,2,JBCN AVENGERS (ISDT 8.0),Vvinit Lohiya,2.0,0.0,26.0,0.0,13.0
224,3848,2,JBCN AVENGERS (ISDT 8.0),Muddassar Virani,2.0,0.0,10.0,3.0,5.0
224,3853,1,FAZLANI UNITED (ISDT 8.0),Anees Adenwala,4.0,0.0,40.0,0.0,10.0
224,3853,1,FAZLANI UNITED (ISDT 8.0),Nikhil Rajawat,4.0,0.0,31.0,1.0,7.75
224,3853,1,FAZLANI UNITED (ISDT 8.0),Shams .,4.0,0.0,45.0,1.0,11.25
224,3853,1,FAZLANI UNITED (ISDT 8.0),Alif Makani,4.0,0.0,28.0,0.0,7.0
224,3853,1,FAZLANI UNITED (ISDT 8.0),Murtaza .,1.0,0.0,11.0,0.0,11.0
224,3853,1,FAZLANI UNITED (ISDT 8.0),Vishal Jain,2.0,0.0,24.0,0.0,12.0
224,3853,1,FAZLANI UNITED (ISDT 8.0),Imran Kagalwala,1.0,0.0,13.0,0.0,13.0
224,3853,2,NIS LAKERS (ISDT 8.0),Vibhu Manya,3.0,0.0,7.0,2.0,2.33
224,3853,2,NIS LAKERS (ISDT 8.0),Rahul Bajaj,4.0,0.0,26.0,1.0,6.5
224,3853,2,NIS LAKERS (ISDT 8.0),Amol Saxena,1.0,0.0,6.0,0.0,6.0
224,3853,2,NIS LAKERS (ISDT 8.0),Jalpan Shah,4.0,0.0,38.0,0.0,9.5
224,3853,2,NIS LAKERS (ISDT 8.0),Ankur Gupta,2.0,0.0,16.0,0.0,8.0
224,3853,2,NIS LAKERS (ISDT 8.0),Kamaldeep Singh Bhatia,3.0,0.0,20.0,1.0,6.67
224,3853,2,NIS LAKERS (ISDT 8.0),Prateek Baid,2.0,0.0,22.0,0.0,11.0
224,3853,2,NIS LAKERS (ISDT 8.0),Dhiraj Sharma,1.0,0.0,5.0,0.0,5.0
224,3859,1,HSI LIONS (ISDT 8.0),Vishal Kalantri,2.0,0.0,23.0,0.0,11.5
224,3859,1,HSI LIONS (ISDT 8.0),Manan Shah,2.0,0.0,28.0,0.0,14.0
224,3859,1,HSI LIONS (ISDT 8.0),Gautam Parolia,4.0,0.0,45.0,1.0,11.25
224,3859,1,HSI LIONS (ISDT 8.0),Akshay Agarwal,4.0,0.0,48.0,0.0,12.0
224,3859,1,HSI LIONS (ISDT 8.0),Harsh Dhadda,4.0,0.0,44.0,1.0,11.0
224,3859,1,HSI LIONS (ISDT 8.0),Kunal Dedhia,4.0,0.0,53.0,0.0,13.25
224,3859,2,AVM YODDHAS (ISDT 8.0),Saurabh Mehta,4.0,0.0,39.0,0.0,9.75
224,3859,2,AVM YODDHAS (ISDT 8.0),Prathmesh Kanekar,3.0,0.0,32.0,1.0,10.67
224,3859,2,AVM YODDHAS (ISDT 8.0),Rahul Sharma,3.0,0.0,31.0,1.0,10.33
224,3859,2,AVM YODDHAS (ISDT 8.0),Amit Manubarwala,4.0,1.0,17.0,0.0,4.25
224,3859,2,AVM YODDHAS (ISDT 8.0),Chetan Kapoor,3.0,0.0,32.0,1.0,10.67
224,3859,2,AVM YODDHAS (ISDT 8.0),Nilay Shah,3.0,0.0,25.0,1.0,8.33
224,3862,1,GREENLAWNS GLADIATORS (ISDT 8.0),Sunny Jain,3.0,0.0,27.0,1.0,9.0
224,3862,1,GREENLAWNS GLADIATORS (ISDT 8.0),Kaushal Trivedi,4.0,0.0,33.0,0.0,8.25
224,3862,1,GREENLAWNS GLADIATORS (ISDT 8.0),Hitesh Bhayani,4.0,0.0,36.0,1.0,9.0
224,3862,1,GREENLAWNS GLADIATORS (ISDT 8.0),Jimish Shah,4.0,0.0,37.0,1.0,9.25
224,3862,1,GREENLAWNS GLADIATORS (ISDT 8.0),Jitu Kothari,2.0,0.0,14.0,0.0,7.0
224,3862,1,GREENLAWNS GLADIATORS (ISDT 8.0),Dhimant Mandalia,3.0,0.0,23.0,1.0,7.67
224,3862,2,UTPAL WARRIORS (ISDT 8.0),Punit Kothari,3.0,0.0,20.0,2.0,6.67
224,3862,2,UTPAL WARRIORS (ISDT 8.0),Shailesh Maniya,2.0,0.0,11.0,0.0,5.5
224,3862,2,UTPAL WARRIORS (ISDT 8.0),Virat Jain,3.5,0.0,27.0,3.0,7.04
224,3862,2,UTPAL WARRIORS (ISDT 8.0),Pratik Desai,3.0,0.0,24.0,1.0,8.0
224,3862,2,UTPAL WARRIORS (ISDT 8.0),Siddharth Kadam,3.0,1.0,15.0,0.0,5.0
224,3862,2,UTPAL WARRIORS (ISDT 8.0),Gautam Sheth,3.0,0.0,32.0,1.0,10.67
224,3862,2,UTPAL WARRIORS (ISDT 8.0),Pavan Shah,1.0,0.0,11.0,0.0,11.0
224,3862,2,UTPAL WARRIORS (ISDT 8.0),Vishal Shah,1.0,0.0,8.0,0.0,8.0
224,3869,1,SCOTTISH STARS (ISDT 8.0),Prateek .,4.0,0.0,33.0,1.0,8.25
224,3869,1,SCOTTISH STARS (ISDT 8.0),Fahad Jameel,4.0,0.0,26.0,0.0,6.5
224,3869,1,SCOTTISH STARS (ISDT 8.0),Akshay Dubewal,4.0,0.0,28.0,0.0,7.0
224,3869,1,SCOTTISH STARS (ISDT 8.0),Amit Makheja,3.0,0.0,35.0,0.0,11.67
224,3869,1,SCOTTISH STARS (ISDT 8.0),Prerak .,4.0,0.0,22.0,2.0,5.5
224,3869,1,SCOTTISH STARS (ISDT 8.0),Nikhil .,1.0,0.0,4.0,0.0,4.0
224,3869,2,AB WARRIORS (ISDT 8.0),Amit Photographer,3.3,0.0,22.0,1.0,6.29
224,3869,2,AB WARRIORS (ISDT 8.0),Shailendra Jhingan,4.0,0.0,25.0,0.0,6.25
224,3869,2,AB WARRIORS (ISDT 8.0),Gaurav Mehta,2.0,0.0,25.0,0.0,12.5
224,3869,2,AB WARRIORS (ISDT 8.0),Manish Jain,4.0,1.0,33.0,1.0,8.25
224,3869,2,AB WARRIORS (ISDT 8.0),Anish Shah,3.0,0.0,32.0,2.0,10.67
224,3869,2,AB WARRIORS (ISDT 8.0),Ravi Makharia,2.0,0.0,11.0,1.0,5.5
224,3870,1,JBCN STARS (ISDT 8.0),Anuj Sadh,4.0,0.0,25.0,1.0,6.25
224,3870,1,JBCN STARS (ISDT 8.0),Dushyant Jain,4.0,0.0,27.0,2.0,6.75
224,3870,1,JBCN STARS (ISDT 8.0),Akshesh Trivedi,3.0,0.0,35.0,0.0,11.67
224,3870,1,JBCN STARS (ISDT 8.0),Karan Sharma,3.0,0.0,26.0,0.0,8.67
224,3870,1,JBCN STARS (ISDT 8.0),Karan Dharia,3.0,0.0,19.0,1.0,6.33
224,3870,1,JBCN STARS (ISDT 8.0),Kawal Arora,3.0,0.0,28.0,2.0,9.33
224,3870,2,MRV RISERS (ISDT 8.0),Pramod Chandan,3.0,0.0,21.0,0.0,7.0
224,3870,2,MRV RISERS (ISDT 8.0),Ritesh Parekh,2.0,0.0,17.0,1.0,8.5
224,3870,2,MRV RISERS (ISDT 8.0),Viral Gala,3.0,0.0,37.0,0.0,12.33
224,3870,2,MRV RISERS (ISDT 8.0),Utsav Tolia,1.0,0.0,8.0,0.0,8.0
224,3870,2,MRV RISERS (ISDT 8.0),Chinmay Dalvi,2.1,0.0,24.0,0.0,11.08
224,3870,2,MRV RISERS (ISDT 8.0),Dhruven Jain,4.0,0.0,32.0,1.0,8.0
224,3870,2,MRV RISERS (ISDT 8.0),Pratik Kothari,1.0,0.0,6.0,0.0,6.0
224,3870,2,MRV RISERS (ISDT 8.0),Jinesh Shah,2.0,0.0,25.0,0.0,12.5
224,3872,1,CATHEDRAL KNIGHTS (ISDT 8.0),Jay Shah,4.0,0.0,24.0,2.0,6.0
224,3872,1,CATHEDRAL KNIGHTS (ISDT 8.0),Sahil Shah,3.0,0.0,21.0,1.0,7.0
224,3872,1,CATHEDRAL KNIGHTS (ISDT 8.0),Abhijat Sanghvi,3.0,0.0,21.0,0.0,7.0
224,3872,1,CATHEDRAL KNIGHTS (ISDT 8.0),Vishal Vora,4.0,0.0,36.0,2.0,9.0
224,3872,1,CATHEDRAL KNIGHTS (ISDT 8.0),Pranay .,4.0,0.0,25.0,1.0,6.25
224,3872,1,CATHEDRAL KNIGHTS (ISDT 8.0),Viral Shah,2.0,0.0,31.0,0.0,15.5
224,3872,2,PODAR PHANTOMS (ISDT 8.0),Raviraj Shetty,3.0,0.0,9.0,1.0,3.0
224,3872,2,PODAR PHANTOMS (ISDT 8.0),Jay Samant,2.0,0.0,24.0,0.0,12.0
224,3872,2,PODAR PHANTOMS (ISDT 8.0),Viren Shah,3.0,0.0,25.0,0.0,8.33
224,3872,2,PODAR PHANTOMS (ISDT 8.0),Paresh Shah,3.0,0.0,11.0,1.0,3.67
224,3872,2,PODAR PHANTOMS (ISDT 8.0),Jayan Shah,3.0,0.0,17.0,1.0,5.67
224,3872,2,PODAR PHANTOMS (ISDT 8.0),Mahesh Sadhwani,2.0,0.0,8.0,0.0,4.0
224,3872,2,PODAR PHANTOMS (ISDT 8.0),Rahul Patel,2.0,0.0,25.0,1.0,12.5
224,3872,2,PODAR PHANTOMS (ISDT 8.0),Jay Bharadwaj,2.0,0.0,25.0,0.0,12.5
224,3873,1,GE ROARING TIGERS (ISDT 8.0),Prasad Arolkar,3.0,0.0,13.0,0.0,4.33
224,3873,1,GE ROARING TIGERS (ISDT 8.0),Gurunath Gavli,3.0,0.0,20.0,1.0,6.67
224,3873,1,GE ROARING TIGERS (ISDT 8.0),Sanjay Chandiramani,2.0,0.0,15.0,0.0,7.5
224,3873,1,GE ROARING TIGERS (ISDT 8.0),Arvind Shetty,3.0,0.0,18.0,3.0,6.0
224,3873,1,GE ROARING TIGERS (ISDT 8.0),Kedar Kango,2.0,0.0,13.0,0.0,6.5
224,3873,1,GE ROARING TIGERS (ISDT 8.0),Kiran Pednekar,4.0,0.0,32.0,2.0,8.0
224,3873,1,GE ROARING TIGERS (ISDT 8.0),Ravish Chitrigemath,3.0,0.0,16.0,2.0,5.33
224,3873,2,AVM YODDHAS (ISDT 8.0),Saurabh Mehta,4.0,0.0,22.0,0.0,5.5
224,3873,2,AVM YODDHAS (ISDT 8.0),Rahul Sharma,1.0,0.0,21.0,0.0,21.0
224,3873,2,AVM YODDHAS (ISDT 8.0),Rishi Mapara,4.0,0.0,28.0,2.0,7.0
224,3873,2,AVM YODDHAS (ISDT 8.0),Jayesh Chawla,2.0,0.0,13.0,0.0,6.5
224,3873,2,AVM YODDHAS (ISDT 8.0),Sivanandan Konar,2.0,0.0,19.0,1.0,9.5
224,3873,2,AVM YODDHAS (ISDT 8.0),Amit Manubarwala,3.0,0.0,22.0,0.0,7.33
224,3873,2,AVM YODDHAS (ISDT 8.0),Nilay Shah,2.0,0.0,11.0,0.0,5.5
224,3874,1,JNS TOROS (ISDT 8.0),Shamin Karbhari,4.0,0.0,21.0,2.0,5.25
224,3874,1,JNS TOROS (ISDT 8.0),Shobhan Parekh,3.0,0.0,28.0,0.0,9.33
224,3874,1,JNS TOROS (ISDT 8.0),Jimmy Shah,1.0,0.0,11.0,0.0,11.0
224,3874,1,JNS TOROS (ISDT 8.0),Sahil Parikh,2.0,0.0,21.0,0.0,10.5
224,3874,1,JNS TOROS (ISDT 8.0),Don Shroff,4.0,0.0,28.0,2.0,7.0
224,3874,1,JNS TOROS (ISDT 8.0),Ashank Shah,3.0,0.0,19.0,1.0,6.33
224,3874,1,JNS TOROS (ISDT 8.0),Keyur M Shah,1.0,0.0,11.0,0.0,11.0
224,3874,1,JNS TOROS (ISDT 8.0),Divi Sisodia,2.0,0.0,7.0,0.0,3.5
224,3874,2,JBCN STARS (ISDT 8.0),Anuj Sadh,2.0,0.0,19.0,0.0,9.5
224,3874,2,JBCN STARS (ISDT 8.0),Akshesh Trivedi,4.0,0.0,46.0,1.0,11.5
224,3874,2,JBCN STARS (ISDT 8.0),Karan Sharma,4.0,0.0,28.0,1.0,7.0
224,3874,2,JBCN STARS (ISDT 8.0),Kawal Arora,3.4,0.0,31.0,1.0,8.45
224,3874,2,JBCN STARS (ISDT 8.0),Karan Dharia,4.0,0.0,22.0,1.0,5.5
224,3874,2,JBCN STARS (ISDT 8.0),Rahul Chaudhary,1.0,0.0,6.0,0.0,6.0
224,3875,1,AVM ARYANS (ISDT 8.0),Balakrishna Shirke,4.0,0.0,32.0,0.0,8.0
224,3875,1,AVM ARYANS (ISDT 8.0),Vinesh .,4.0,1.0,22.0,2.0,5.5
224,3875,1,AVM ARYANS (ISDT 8.0),Akshay Borkar,4.0,0.0,37.0,2.0,9.25
224,3875,1,AVM ARYANS (ISDT 8.0),Nishant Patankar,4.0,0.0,18.0,1.0,4.5
224,3875,1,AVM ARYANS (ISDT 8.0),Mahesh Biyani,3.0,0.0,27.0,1.0,9.0
224,3875,1,AVM ARYANS (ISDT 8.0),Anish Madkaikar,1.0,0.0,9.0,0.0,9.0
224,3875,2,BD ROYALS (ISDT 8.0),Rishabh Shah,4.0,0.0,27.0,0.0,6.75
224,3875,2,BD ROYALS (ISDT 8.0),Suchit Shah,4.0,0.0,30.0,2.0,7.5
224,3875,2,BD ROYALS (ISDT 8.0),Rajiv Hingoo,3.0,0.0,29.0,0.0,9.67
224,3875,2,BD ROYALS (ISDT 8.0),Shamit Desai,1.0,0.0,12.0,0.0,12.0
224,3875,2,BD ROYALS (ISDT 8.0),Amit Minde,1.0,0.0,15.0,0.0,15.0
224,3875,2,BD ROYALS (ISDT 8.0),Himanshu Ranka,1.0,0.0,17.0,0.0,17.0
224,3875,2,BD ROYALS (ISDT 8.0),Jay Desai .,0.2,0.0,8.0,0.0,24.0
224,3877,1,AB DEVILS (ISDT 8.0),Rahul Arora,1.0,0.0,8.0,0.0,8.0
224,3877,1,AB DEVILS (ISDT 8.0),Kalpesh Bohra,4.0,0.0,34.0,0.0,8.5
224,3877,1,AB DEVILS (ISDT 8.0),Pratik Shah,3.0,0.0,29.0,0.0,9.67
224,3877,1,AB DEVILS (ISDT 8.0),Kartik Rajendra,3.0,0.0,33.0,0.0,11.0
224,3877,1,AB DEVILS (ISDT 8.0),Dhruv Biyani,4.0,0.0,39.0,1.0,9.75
224,3877,1,AB DEVILS (ISDT 8.0),Dhaval Shah,4.0,0.0,32.0,1.0,8.0
224,3877,1,AB DEVILS (ISDT 8.0),Akhil Shah,1.0,0.0,15.0,0.0,15.0
224,3877,2,AVM YODDHAS (ISDT 8.0),Kaustubh Gupte,3.0,0.0,22.0,2.0,7.33
224,3877,2,AVM YODDHAS (ISDT 8.0),Saurabh Mehta,1.0,0.0,9.0,0.0,9.0
224,3877,2,AVM YODDHAS (ISDT 8.0),Prathmesh Kanekar,2.0,0.0,8.0,1.0,4.0
224,3877,2,AVM YODDHAS (ISDT 8.0),Jayesh Chawla,3.2,0.0,19.0,3.0,5.7
224,3877,2,AVM YODDHAS (ISDT 8.0),Sivanandan Konar,3.0,0.0,17.0,1.0,5.67
224,3877,2,AVM YODDHAS (ISDT 8.0),Chetan Kapoor,2.0,1.0,7.0,1.0,3.5
224,3877,2,AVM YODDHAS (ISDT 8.0),Shailesh Gowda,3.0,0.0,14.0,1.0,4.67
224,3877,2,AVM YODDHAS (ISDT 8.0),Nilay Shah,2.0,0.0,5.0,1.0,2.5
224,3885,1,FAZLANI UNITED (ISDT 8.0),Anees Adenwala,4.0,0.0,26.0,0.0,6.5
224,3885,1,FAZLANI UNITED (ISDT 8.0),Nikhil Rajawat,4.0,0.0,30.0,3.0,7.5
224,3885,1,FAZLANI UNITED (ISDT 8.0),Shams .,4.0,0.0,30.0,0.0,7.5
224,3885,1,FAZLANI UNITED (ISDT 8.0),Samad Motorwala,4.0,0.0,26.0,0.0,6.5
224,3885,1,FAZLANI UNITED (ISDT 8.0),Alif Makani,4.0,0.0,42.0,2.0,10.5
224,3885,2,TRULY MARIANS (ISDT 8.0),Harshit Ramanlal Darji,3.0,0.0,15.0,2.0,5.0
224,3885,2,TRULY MARIANS (ISDT 8.0),Rajeev Kumar,4.0,0.0,22.0,0.0,5.5
224,3885,2,TRULY MARIANS (ISDT 8.0),Rahul Doshi,4.0,0.0,14.0,1.0,3.5
224,3885,2,TRULY MARIANS (ISDT 8.0),Dipesh Bafna,3.0,0.0,30.0,0.0,10.0
224,3885,2,TRULY MARIANS (ISDT 8.0),Vipul .,3.0,1.0,15.0,2.0,5.0
224,3885,2,TRULY MARIANS (ISDT 8.0),Jinesh Indarmal Kothari,2.0,0.0,11.0,2.0,5.5
224,3885,2,TRULY MARIANS (ISDT 8.0),Atiq Khanda,1.0,0.0,6.0,0.0,6.0
224,3893,1,SCOTTISH STRIKING STARS (ISDT 8.0),Sunil Punjabi,4.0,0.0,18.0,1.0,4.5
224,3893,1,SCOTTISH STRIKING STARS (ISDT 8.0),Nishant Ranka,3.0,0.0,19.0,0.0,6.33
224,3893,1,SCOTTISH STRIKING STARS (ISDT 8.0),Himanshu Waingankar,4.0,0.0,37.0,1.0,9.25
224,3893,1,SCOTTISH STRIKING STARS (ISDT 8.0),Isaac Nazareth,2.0,0.0,6.0,1.0,3.0
224,3893,1,SCOTTISH STRIKING STARS (ISDT 8.0),Vinod Giri,4.0,0.0,24.0,2.0,6.0
224,3893,1,SCOTTISH STRIKING STARS (ISDT 8.0),Tripooraj Dhawale,3.0,0.0,11.0,0.0,3.67
224,3893,2,JNS TOROS (ISDT 8.0),Jimmy Shah,2.0,0.0,22.0,0.0,11.0
224,3893,2,JNS TOROS (ISDT 8.0),Don Shroff,1.0,0.0,23.0,0.0,23.0
224,3893,2,JNS TOROS (ISDT 8.0),Gurmeet Singh Ahuja,3.1,0.0,13.0,0.0,4.11
224,3893,2,JNS TOROS (ISDT 8.0),Divi Sisodia,2.0,0.0,17.0,1.0,8.5
224,3893,2,JNS TOROS (ISDT 8.0),Ashank Shah,4.0,0.0,23.0,0.0,5.75
224,3893,2,JNS TOROS (ISDT 8.0),Keyur M Shah,4.0,0.0,14.0,1.0,3.5
224,3893,2,JNS TOROS (ISDT 8.0),Sahil Parikh,1.0,0.0,4.0,0.0,4.0
224,3895,1,AVM ARYANS (ISDT 8.0),Akshay Borkar,3.0,0.0,9.0,1.0,3.0
224,3895,1,AVM ARYANS (ISDT 8.0),Vinesh .,3.0,0.0,16.0,3.0,5.33
224,3895,1,AVM ARYANS (ISDT 8.0),Balakrishna Shirke,1.0,0.0,2.0,0.0,2.0
224,3895,1,AVM ARYANS (ISDT 8.0),Mahesh Biyani,2.0,0.0,9.0,1.0,4.5
224,3895,1,AVM ARYANS (ISDT 8.0),Mihir Bapat,1.0,0.0,6.0,0.0,6.0
224,3895,1,AVM ARYANS (ISDT 8.0),Arjav Pandya,2.0,0.0,7.0,0.0,3.5
224,3895,1,AVM ARYANS (ISDT 8.0),Kedar Kalbagh,2.0,0.0,10.0,1.0,5.0
224,3895,1,AVM ARYANS (ISDT 8.0),Maninadra Singh,3.0,0.0,9.0,1.0,3.0
224,3895,1,AVM ARYANS (ISDT 8.0),Nishant Patankar,3.0,0.0,17.0,0.0,5.67
224,3895,2,OIS BLASTERS (ISDT 8.0),Vinod Lund,2.0,0.0,20.0,0.0,10.0
224,3895,2,OIS BLASTERS (ISDT 8.0),Jay Parikh,3.0,0.0,21.0,0.0,7.0
224,3895,2,OIS BLASTERS (ISDT 8.0),Amanpreet Singh,2.0,0.0,15.0,0.0,7.5
224,3895,2,OIS BLASTERS (ISDT 8.0),Amitraj Bachher,1.5,0.0,16.0,0.0,8.73
224,3895,2,OIS BLASTERS (ISDT 8.0),Arjun Ahuja,1.0,0.0,14.0,0.0,14.0
224,3900,1,CAMP RANGERS (ISDT 8.0),Rahul Pandey,4.0,0.0,34.0,1.0,8.5
224,3900,1,CAMP RANGERS (ISDT 8.0),Anuj Goyal,3.0,0.0,18.0,1.0,6.0
224,3900,1,CAMP RANGERS (ISDT 8.0),Gautam Doshi,4.0,1.0,23.0,2.0,5.75
224,3900,1,CAMP RANGERS (ISDT 8.0),Chintit Vora,2.0,0.0,18.0,0.0,9.0
224,3900,1,CAMP RANGERS (ISDT 8.0),Karan Doshi,4.0,0.0,29.0,1.0,7.25
224,3900,1,CAMP RANGERS (ISDT 8.0),Satbirsingh Narula,3.0,0.0,16.0,1.0,5.33
224,3900,2,DAIS ACES (ISDT 8.0),Nishant Fadia,2.0,0.0,17.0,0.0,8.5
224,3900,2,DAIS ACES (ISDT 8.0),Divya Mehta,3.0,0.0,20.0,0.0,6.67
224,3900,2,DAIS ACES (ISDT 8.0),Malay Juwani,2.0,0.0,13.0,0.0,6.5
224,3900,2,DAIS ACES (ISDT 8.0),Harsh Shah,2.0,0.0,15.0,0.0,7.5
224,3900,2,DAIS ACES (ISDT 8.0),Bhoumick Vaidya,4.0,0.0,19.0,1.0,4.75
224,3900,2,DAIS ACES (ISDT 8.0),Vinit Sheth,2.0,0.0,17.0,0.0,8.5
224,3900,2,DAIS ACES (ISDT 8.0),Krshna Bajaj,1.0,0.0,11.0,0.0,11.0
224,3900,2,DAIS ACES (ISDT 8.0),Siddhart Gopalkrishnan,1.0,0.0,13.0,0.0,13.0
224,3900,2,DAIS ACES (ISDT 8.0),Nikhil Khanedlwal,0.5,0.0,11.0,0.0,13.2
224,3905,1,CATHEDRAL KNIGHTS (ISDT 8.0),Jay Shah,4.0,0.0,22.0,0.0,5.5
224,3905,1,CATHEDRAL KNIGHTS (ISDT 8.0),Abhijat Sanghvi,4.0,0.0,19.0,1.0,4.75
224,3905,1,CATHEDRAL KNIGHTS (ISDT 8.0),Vishal Vora,2.0,0.0,17.0,0.0,8.5
224,3905,1,CATHEDRAL KNIGHTS (ISDT 8.0),Sahil Shah,2.0,0.0,17.0,0.0,8.5
224,3905,1,CATHEDRAL KNIGHTS (ISDT 8.0),Pranay .,4.0,0.0,26.0,3.0,6.5
224,3905,1,CATHEDRAL KNIGHTS (ISDT 8.0),Ryan Rodrigues,4.0,0.0,27.0,2.0,6.75
224,3905,2,AB DEVILS (ISDT 8.0),Pratik Shah,1.0,0.0,11.0,0.0,11.0
224,3905,2,AB DEVILS (ISDT 8.0),Kalpesh Bohra,1.0,0.0,13.0,0.0,13.0
224,3905,2,AB DEVILS (ISDT 8.0),Dhaval Shah,3.0,0.0,27.0,0.0,9.0
224,3905,2,AB DEVILS (ISDT 8.0),Dhruv Biyani,2.0,0.0,16.0,0.0,8.0
224,3905,2,AB DEVILS (ISDT 8.0),Brijesh Ved,3.0,0.0,20.0,2.0,6.67
224,3905,2,AB DEVILS (ISDT 8.0),Anay Jhaveri,2.0,0.0,11.0,0.0,5.5
224,3905,2,AB DEVILS (ISDT 8.0),Akhil Shah,1.0,0.0,13.0,0.0,13.0
224,3905,2,AB DEVILS (ISDT 8.0),Girish Singhania,1.0,0.0,11.0,0.0,11.0
224,3905,2,AB DEVILS (ISDT 8.0),Karan Jhaveri,0.4,0.0,9.0,0.0,13.5
224,3906,1,SCOTTISH STARS (ISDT 8.0),Justin .,3.0,0.0,23.0,2.0,7.67
224,3906,1,SCOTTISH STARS (ISDT 8.0),Akshay Dubewal,2.0,0.0,23.0,0.0,11.5
224,3906,1,SCOTTISH STARS (ISDT 8.0),Mayur .,4.0,0.0,23.0,0.0,5.75
224,3906,1,SCOTTISH STARS (ISDT 8.0),Prateek .,4.0,0.0,25.0,2.0,6.25
224,3906,1,SCOTTISH STARS (ISDT 8.0),Fahad Jameel,3.0,0.0,30.0,1.0,10.0
224,3906,1,SCOTTISH STARS (ISDT 8.0),Shashank .,4.0,0.0,35.0,2.0,8.75
224,3906,2,HSI LIONS (ISDT 8.0),Shainil Shah,3.0,0.0,25.0,0.0,8.33
224,3906,2,HSI LIONS (ISDT 8.0),Vishal Desai,1.0,0.0,11.0,0.0,11.0
224,3906,2,HSI LIONS (ISDT 8.0),Vishal Bafna,2.0,0.0,29.0,0.0,14.5
224,3906,2,HSI LIONS (ISDT 8.0),Harsh Dhadda,4.0,0.0,29.0,1.0,7.25
224,3906,2,HSI LIONS (ISDT 8.0),Manan Shah,1.0,0.0,18.0,0.0,18.0
224,3906,2,HSI LIONS (ISDT 8.0),Gautam Parolia,4.0,0.0,32.0,1.0,8.0
224,3906,2,HSI LIONS (ISDT 8.0),Akshay Agarwal,1.0,0.0,11.0,0.0,11.0
224,3906,2,HSI LIONS (ISDT 8.0),Salil Mahajan,1.0,0.0,9.0,0.0,9.0
224,3907,1,OIS TIGERS (ISDT 8.0),Nishant Shah,4.0,0.0,21.0,2.0,5.25
224,3907,1,OIS TIGERS (ISDT 8.0),Abhishek Dutt,3.0,0.0,37.0,0.0,12.33
224,3907,1,OIS TIGERS (ISDT 8.0),Nimit Parikh,3.0,0.0,24.0,2.0,8.0
224,3907,1,OIS TIGERS (ISDT 8.0),Ajit Virwani,2.0,0.0,19.0,0.0,9.5
224,3907,1,OIS TIGERS (ISDT 8.0),Arun Madhu,1.0,0.0,13.0,0.0,13.0
224,3907,1,OIS TIGERS (ISDT 8.0),Vikram Panjwani,3.0,0.0,30.0,1.0,10.0
224,3907,1,OIS TIGERS (ISDT 8.0),Sahil Shah,4.0,0.0,34.0,1.0,8.5
224,3907,2,GREENLAWNS GLADIATORS (ISDT 8.0),Sunny Jain,4.0,0.0,28.0,2.0,7.0
224,3907,2,GREENLAWNS GLADIATORS (ISDT 8.0),Chirag Damani,2.0,0.0,26.0,0.0,13.0
224,3907,2,GREENLAWNS GLADIATORS (ISDT 8.0),Hitesh Bhayani,4.0,0.0,48.0,1.0,12.0
224,3907,2,GREENLAWNS GLADIATORS (ISDT 8.0),Punit Kothari,4.0,0.0,38.0,0.0,9.5
224,3907,2,GREENLAWNS GLADIATORS (ISDT 8.0),Jitu Kothari,2.0,0.0,15.0,0.0,7.5
224,3907,2,GREENLAWNS GLADIATORS (ISDT 8.0),Jigar Parikh,3.1,0.0,33.0,1.0,10.42
224,3910,1,AB WARRIORS (ISDT 8.0),Amit Photographer,3.0,0.0,15.0,1.0,5.0
224,3910,1,AB WARRIORS (ISDT 8.0),Gaurav Mehta,4.0,0.0,29.0,1.0,7.25
224,3910,1,AB WARRIORS (ISDT 8.0),Anish Shah,3.0,0.0,18.0,2.0,6.0
224,3910,1,AB WARRIORS (ISDT 8.0),Manish Jain,4.0,0.0,14.0,2.0,3.5
224,3910,1,AB WARRIORS (ISDT 8.0),Ravi Makharia,2.0,0.0,10.0,1.0,5.0
224,3910,1,AB WARRIORS (ISDT 8.0),Krupesh Ved,3.2,0.0,13.0,2.0,3.9
224,3910,2,JBCN STARS (ISDT 8.0),Ankit Balaria,3.0,0.0,16.0,0.0,5.33
224,3910,2,JBCN STARS (ISDT 8.0),Karan Dharia,3.0,0.0,27.0,0.0,9.0
224,3910,2,JBCN STARS (ISDT 8.0),Karan Sharma,3.0,1.0,13.0,0.0,4.33
224,3910,2,JBCN STARS (ISDT 8.0),Akshesh Trivedi,2.0,0.0,19.0,0.0,9.5
224,3910,2,JBCN STARS (ISDT 8.0),Kawal Arora,2.0,0.0,11.0,0.0,5.5
224,3910,2,JBCN STARS (ISDT 8.0),Anuj Sadh,1.0,0.0,6.0,0.0,6.0
224,3910,2,JBCN STARS (ISDT 8.0),Kunal Mehta,1.0,0.0,13.0,0.0,13.0
224,3921,1,JNS TOROS (ISDT 8.0),Samar Kagalwalla,3.0,0.0,19.0,3.0,6.33
224,3921,1,JNS TOROS (ISDT 8.0),Shobhan Parekh,3.0,0.0,25.0,0.0,8.33
224,3921,1,JNS TOROS (ISDT 8.0),Gurmeet Singh Ahuja,3.0,0.0,17.0,0.0,5.67
224,3921,1,JNS TOROS (ISDT 8.0),Ashank Shah,3.0,0.0,28.0,1.0,9.33
224,3921,1,JNS TOROS (ISDT 8.0),Rakesh Wadhwani,1.0,0.0,7.0,1.0,7.0
224,3921,1,JNS TOROS (ISDT 8.0),Don Shroff,3.0,0.0,17.0,2.0,5.67
224,3921,1,JNS TOROS (ISDT 8.0),Divi Sisodia,3.0,0.0,29.0,1.0,9.67
224,3921,1,JNS TOROS (ISDT 8.0),Anand Jain,1.0,0.0,8.0,0.0,8.0
224,3921,2,CAMP RANGERS (ISDT 8.0),Anuj Goyal,1.0,0.0,11.0,0.0,11.0
224,3921,2,CAMP RANGERS (ISDT 8.0),Rahul Pandey,2.0,0.0,21.0,0.0,10.5
224,3921,2,CAMP RANGERS (ISDT 8.0),Palak Savla,4.0,0.0,20.0,0.0,5.0
224,3921,2,CAMP RANGERS (ISDT 8.0),Gautam Doshi,2.0,0.0,28.0,0.0,14.0
224,3921,2,CAMP RANGERS (ISDT 8.0),Karan Doshi,4.0,0.0,42.0,1.0,10.5
224,3921,2,CAMP RANGERS (ISDT 8.0),Satbirsingh Narula,4.0,0.0,27.0,2.0,6.75
224,3921,2,CAMP RANGERS (ISDT 8.0),Zubin Engineer,1.1,0.0,8.0,1.0,6.86
224,3928,1,DAIS ACES (ISDT 8.0),Hrithik .,4.0,1.0,18.0,0.0,4.5
224,3928,1,DAIS ACES (ISDT 8.0),Malay Juwani,2.0,0.0,12.0,2.0,6.0
224,3928,1,DAIS ACES (ISDT 8.0),Divya Mehta,3.0,0.0,29.0,0.0,9.67
224,3928,1,DAIS ACES (ISDT 8.0),Harsh Shah,3.0,0.0,16.0,2.0,5.33
224,3928,1,DAIS ACES (ISDT 8.0),Bhoumick Vaidya,4.0,0.0,20.0,2.0,5.0
224,3928,1,DAIS ACES (ISDT 8.0),Tapan Bhatt,2.0,0.0,12.0,1.0,6.0
224,3928,1,DAIS ACES (ISDT 8.0),Siddhart Gopalkrishnan,2.0,0.0,10.0,1.0,5.0
224,3928,2,SCOTTISH STRIKING STARS (ISDT 8.0),Sunil Punjabi,4.0,0.0,18.0,0.0,4.5
224,3928,2,SCOTTISH STRIKING STARS (ISDT 8.0),Himanshu Waingankar,4.0,0.0,20.0,1.0,5.0
224,3928,2,SCOTTISH STRIKING STARS (ISDT 8.0),Isaac Nazareth,4.0,0.0,14.0,3.0,3.5
224,3928,2,SCOTTISH STRIKING STARS (ISDT 8.0),Vinod Giri,4.0,0.0,19.0,1.0,4.75
224,3928,2,SCOTTISH STRIKING STARS (ISDT 8.0),Ojas Mehta,3.0,0.0,24.0,0.0,8.0
224,3928,2,SCOTTISH STRIKING STARS (ISDT 8.0),Tripooraj Dhawale,1.0,0.0,9.0,1.0,9.0
224,3929,1,JNS MUSTANGS (ISDT 8.0),Rohit Saraf,4.0,0.0,27.0,3.0,6.75
224,3929,1,JNS MUSTANGS (ISDT 8.0),Meet Shah,4.0,0.0,28.0,2.0,7.0
224,3929,1,JNS MUSTANGS (ISDT 8.0),Jekin Shah,4.0,0.0,39.0,0.0,9.75
224,3929,1,JNS MUSTANGS (ISDT 8.0),Hemal Chitalia,4.0,1.0,26.0,2.0,6.5
224,3929,1,JNS MUSTANGS (ISDT 8.0),Rajeev Asija,4.0,0.0,35.0,1.0,8.75
224,3929,2,JB SUPER DADS (ISDT 8.0),Gaurav Doshi,4.0,0.0,28.0,0.0,7.0
224,3929,2,JB SUPER DADS (ISDT 8.0),Punit Satiya,4.0,0.0,26.0,1.0,6.5
224,3929,2,JB SUPER DADS (ISDT 8.0),Bhairav Sheth,4.0,0.0,25.0,1.0,6.25
224,3929,2,JB SUPER DADS (ISDT 8.0),Kalpesh Sanghvi,3.0,0.0,31.0,0.0,10.33
224,3929,2,JB SUPER DADS (ISDT 8.0),Parag Mehta,2.0,0.0,24.0,1.0,12.0
224,3929,2,JB SUPER DADS (ISDT 8.0),Hiten Doshi,1.0,0.0,12.0,0.0,12.0
224,3929,2,JB SUPER DADS (ISDT 8.0),Jatin Vakharia,1.2,0.0,7.0,2.0,5.25
224,3930,1,BD ROYALS (ISDT 8.0),Himanshu Ranka,3.0,0.0,46.0,0.0,15.33
224,3930,1,BD ROYALS (ISDT 8.0),Shamit Desai,4.0,0.0,35.0,0.0,8.75
224,3930,1,BD ROYALS (ISDT 8.0),Babul Mody,4.0,0.0,30.0,1.0,7.5
224,3930,1,BD ROYALS (ISDT 8.0),Vinay Jain,1.0,0.0,13.0,0.0,13.0
224,3930,1,BD ROYALS (ISDT 8.0),Rajiv Hingoo,4.0,0.0,27.0,3.0,6.75
224,3930,1,BD ROYALS (ISDT 8.0),Ankit Sanghvi,4.0,0.0,22.0,3.0,5.5
224,3930,2,UTPAL WARRIORS (ISDT 8.0),Pratik Desai,3.0,1.0,21.0,1.0,7.0
224,3930,2,UTPAL WARRIORS (ISDT 8.0),Deven Dhruva,4.0,0.0,17.0,3.0,4.25
224,3930,2,UTPAL WARRIORS (ISDT 8.0),Shailesh Maniya,3.0,1.0,12.0,3.0,4.0
224,3930,2,UTPAL WARRIORS (ISDT 8.0),Virat Jain,4.0,0.0,34.0,0.0,8.5
224,3930,2,UTPAL WARRIORS (ISDT 8.0),Asgar Khan,2.0,0.0,8.0,1.0,4.0
224,3930,2,UTPAL WARRIORS (ISDT 8.0),Gautam Sheth,2.1,0.0,15.0,1.0,6.92
224,3931,1,NIS LAKERS (ISDT 8.0),Jitendra Singh,4.0,0.0,14.0,1.0,3.5
224,3931,1,NIS LAKERS (ISDT 8.0),Vibhu Manya,4.0,0.0,20.0,2.0,5.0
224,3931,1,NIS LAKERS (ISDT 8.0),Girish .,3.0,0.0,34.0,0.0,11.33
224,3931,1,NIS LAKERS (ISDT 8.0),Amol Saxena,3.0,0.0,18.0,0.0,6.0
224,3931,1,NIS LAKERS (ISDT 8.0),Dhiraj Sharma,4.0,0.0,37.0,1.0,9.25
224,3931,1,NIS LAKERS (ISDT 8.0),Gandharv Jain,1.0,0.0,6.0,1.0,6.0
224,3931,1,NIS LAKERS (ISDT 8.0),Rahul Bajaj,1.0,0.0,4.0,0.0,4.0
224,3931,2,GE ROARING TIGERS (ISDT 8.0),Prasad Arolkar,3.0,0.0,13.0,1.0,4.33
224,3931,2,GE ROARING TIGERS (ISDT 8.0),Gurunath Gavli,2.0,0.0,20.0,0.0,10.0
224,3931,2,GE ROARING TIGERS (ISDT 8.0),Ronak Chudasama,4.0,0.0,20.0,4.0,5.0
224,3931,2,GE ROARING TIGERS (ISDT 8.0),Arvind Shetty,3.1,0.0,16.0,2.0,5.05
224,3931,2,GE ROARING TIGERS (ISDT 8.0),Sanjay Chandiramani,2.0,0.0,11.0,1.0,5.5
224,3931,2,GE ROARING TIGERS (ISDT 8.0),Yogesh Wagh,2.0,0.0,16.0,1.0,8.0
224,3932,1,PETIT PANTHERS (ISDT 8.0),Eric Bacha,4.0,0.0,26.0,3.0,6.5
224,3932,1,PETIT PANTHERS (ISDT 8.0),Rohan Vyavaharkar,1.0,0.0,15.0,0.0,15.0
224,3932,1,PETIT PANTHERS (ISDT 8.0),Munawar Mansuri,4.0,0.0,15.0,1.0,3.75
224,3932,1,PETIT PANTHERS (ISDT 8.0),Kashif Shaikh,4.0,0.0,12.0,1.0,3.0
224,3932,1,PETIT PANTHERS (ISDT 8.0),Shakir Shandiwan,2.0,0.0,13.0,1.0,6.5
224,3932,1,PETIT PANTHERS (ISDT 8.0),Paarth Dholakia,1.5,1.0,4.0,0.0,2.18
224,3932,1,PETIT PANTHERS (ISDT 8.0),Harshraj Alaspure,2.0,0.0,13.0,2.0,6.5
224,3932,1,PETIT PANTHERS (ISDT 8.0),Sachin Jadhavar,1.0,0.0,2.0,0.0,2.0
224,3932,2,FAZLANI UNITED (ISDT 8.0),Shams .,2.0,0.0,19.0,0.0,9.5
224,3932,2,FAZLANI UNITED (ISDT 8.0),Nikhil Rajawat,3.0,0.0,29.0,1.0,9.67
224,3932,2,FAZLANI UNITED (ISDT 8.0),Hitesh Bafna,2.0,0.0,16.0,0.0,8.0
224,3932,2,FAZLANI UNITED (ISDT 8.0),Vishal Jain,1.0,0.0,16.0,0.0,16.0
224,3932,2,FAZLANI UNITED (ISDT 8.0),Alif Makani,1.0,0.0,11.0,0.0,11.0
224,3933,1,JBCN AVENGERS (ISDT 8.0),Rayed Merchant,4.0,0.0,29.0,1.0,7.25
224,3933,1,JBCN AVENGERS (ISDT 8.0),Vaseem Lashkaria,4.0,0.0,30.0,1.0,7.5
224,3933,1,JBCN AVENGERS (ISDT 8.0),Sadiq Lashkaria,4.0,0.0,28.0,1.0,7.0
224,3933,1,JBCN AVENGERS (ISDT 8.0),Vvinit Lohiya,2.0,0.0,18.0,0.0,9.0
224,3933,1,JBCN AVENGERS (ISDT 8.0),Vineet Kakani,3.0,0.0,18.0,1.0,6.0
224,3933,1,JBCN AVENGERS (ISDT 8.0),Muddassar Virani,3.0,0.0,24.0,2.0,8.0
224,3933,2,JNS SUPREMOS (ISDT 8.0),Vishal .,4.0,0.0,31.0,2.0,7.75
224,3933,2,JNS SUPREMOS (ISDT 8.0),Pradeep Tewani,3.1,0.0,19.0,0.0,6.0
224,3933,2,JNS SUPREMOS (ISDT 8.0),Varun Sood,4.0,0.0,18.0,2.0,4.5
224,3933,2,JNS SUPREMOS (ISDT 8.0),Pritesh Magodia,4.0,0.0,26.0,0.0,6.5
224,3933,2,JNS SUPREMOS (ISDT 8.0),Abhishek Pingley,3.0,0.0,41.0,0.0,13.67
224,3933,2,JNS SUPREMOS (ISDT 8.0),Rahul Agarwal,1.0,0.0,18.0,0.0,18.0
224,3936,1,AVM ARYANS (ISDT 8.0),Balakrishna Shirke,4.0,0.0,21.0,2.0,5.25
224,3936,1,AVM ARYANS (ISDT 8.0),Maninadra Singh,4.0,0.0,33.0,1.0,8.25
224,3936,1,AVM ARYANS (ISDT 8.0),Nishant Patankar,3.0,0.0,32.0,0.0,10.67
224,3936,1,AVM ARYANS (ISDT 8.0),Arjav Pandya,2.0,0.0,17.0,0.0,8.5
224,3936,1,AVM ARYANS (ISDT 8.0),Prathmesh Parle,4.0,0.0,47.0,0.0,11.75
224,3936,1,AVM ARYANS (ISDT 8.0),Mahesh Biyani,2.0,0.0,14.0,1.0,7.0
224,3936,1,AVM ARYANS (ISDT 8.0),Vinesh .,1.0,0.0,13.0,0.0,13.0
224,3936,2,AVM YODDHAS (ISDT 8.0),Saurabh Mehta,4.0,0.0,17.0,3.0,4.25
224,3936,2,AVM YODDHAS (ISDT 8.0),Kaustubh Gupte,2.0,0.0,18.0,1.0,9.0
224,3936,2,AVM YODDHAS (ISDT 8.0),Manavendra Mishra,4.0,0.0,36.0,1.0,9.0
224,3936,2,AVM YODDHAS (ISDT 8.0),Rishi Mapara,4.0,0.0,28.0,0.0,7.0
224,3936,2,AVM YODDHAS (ISDT 8.0),Sivanandan Konar,3.0,0.0,17.0,2.0,5.67
224,3936,2,AVM YODDHAS (ISDT 8.0),Sachin Matani,3.0,0.0,27.0,0.0,9.0
224,3937,1,TRULY MARIANS (ISDT 8.0),Yazad Wadia,2.0,0.0,20.0,0.0,10.0
224,3937,1,TRULY MARIANS (ISDT 8.0),Rahul Doshi,4.0,0.0,15.0,1.0,3.75
224,3937,1,TRULY MARIANS (ISDT 8.0),Harshit Ramanlal Darji,3.0,0.0,19.0,0.0,6.33
224,3937,1,TRULY MARIANS (ISDT 8.0),Dipesh Bafna,3.0,0.0,23.0,0.0,7.67
224,3937,1,TRULY MARIANS (ISDT 8.0),Jinesh Indarmal Kothari,1.0,0.0,6.0,0.0,6.0
224,3937,1,TRULY MARIANS (ISDT 8.0),Nimesh Fatiraj Kanunga,4.0,0.0,24.0,2.0,6.0
224,3937,1,TRULY MARIANS (ISDT 8.0),Vipul .,3.0,0.0,19.0,3.0,6.33
224,3937,2,OIS BLASTERS (ISDT 8.0),Vinod Lund,4.0,0.0,22.0,1.0,5.5
224,3937,2,OIS BLASTERS (ISDT 8.0),Piyush Patel,4.0,0.0,20.0,2.0,5.0
224,3937,2,OIS BLASTERS (ISDT 8.0),Jay Parikh,4.0,0.0,29.0,1.0,7.25
224,3937,2,OIS BLASTERS (ISDT 8.0),Amanpreet Singh,1.0,0.0,8.0,0.0,8.0
224,3937,2,OIS BLASTERS (ISDT 8.0),Amitraj Bachher,3.0,0.0,26.0,2.0,8.67
224,3937,2,OIS BLASTERS (ISDT 8.0),Gautam M,4.0,0.0,24.0,1.0,6.0
224,3939,1,MRV RISERS (ISDT 8.0),Pramod Chandan,3.0,0.0,28.0,0.0,9.33
224,3939,1,MRV RISERS (ISDT 8.0),Ritesh Parekh,4.0,0.0,22.0,2.0,5.5
224,3939,1,MRV RISERS (ISDT 8.0),Mayur Bikhchandani,2.0,0.0,23.0,0.0,11.5
224,3939,1,MRV RISERS (ISDT 8.0),Tejas Gada,4.0,0.0,29.0,1.0,7.25
224,3939,1,MRV RISERS (ISDT 8.0),Dhruven Jain,4.0,0.0,24.0,2.0,6.0
224,3939,1,MRV RISERS (ISDT 8.0),Jinesh Shah,2.0,0.0,20.0,0.0,10.0
224,3939,1,MRV RISERS (ISDT 8.0),Sahil Shah,1.0,0.0,16.0,0.0,16.0
224,3939,2,PODAR PHANTOMS (ISDT 8.0),Raviraj Shetty,4.0,0.0,28.0,1.0,7.0
224,3939,2,PODAR PHANTOMS (ISDT 8.0),Jay Samant,3.0,0.0,10.0,2.0,3.33
224,3939,2,PODAR PHANTOMS (ISDT 8.0),Viren Shah,3.0,0.0,14.0,1.0,4.67
224,3939,2,PODAR PHANTOMS (ISDT 8.0),Abhishek Singh,3.0,0.0,25.0,1.0,8.33
224,3939,2,PODAR PHANTOMS (ISDT 8.0),Jayan Shah,4.0,0.0,25.0,1.0,6.25
224,3939,2,PODAR PHANTOMS (ISDT 8.0),Jay Bharadwaj,3.0,0.0,17.0,1.0,5.67
224,3940,1,USG GLADDIATORS (ISDT 8.0),Shreyansh Jain,4.0,0.0,17.0,0.0,4.25
224,3940,1,USG GLADDIATORS (ISDT 8.0),Ritesh Bhalani,4.0,0.0,22.0,0.0,5.5
224,3940,1,USG GLADDIATORS (ISDT 8.0),Swapnil Godana,4.0,0.0,19.0,0.0,4.75
224,3940,1,USG GLADDIATORS (ISDT 8.0),Anand Bachawat,4.0,1.0,14.0,1.0,3.5
224,3940,1,USG GLADDIATORS (ISDT 8.0),Vinay Malpani,2.0,0.0,15.0,1.0,7.5
224,3940,1,USG GLADDIATORS (ISDT 8.0),Nikhil Jain,2.0,0.0,8.0,1.0,4.0
224,3940,2,JBCN UNITED (ISDT 8.0),Anshuman Agarwalla,1.0,0.0,16.0,0.0,16.0
224,3940,2,JBCN UNITED (ISDT 8.0),Ashay Dhani,2.0,0.0,23.0,0.0,11.5
224,3940,2,JBCN UNITED (ISDT 8.0),Brijesh Advani,1.0,0.0,15.0,0.0,15.0
224,3940,2,JBCN UNITED (ISDT 8.0),Bhavik Vasa,1.0,0.0,17.0,0.0,17.0
224,3940,2,JBCN UNITED (ISDT 8.0),Ashish Kamdar,1.0,0.0,8.0,1.0,8.0
224,3940,2,JBCN UNITED (ISDT 8.0),Kunal Mehta,0.5,0.0,15.0,0.0,18.0
224,3942,1,AVM YODDHAS (ISDT 8.0),Sachin Matani,2.0,0.0,19.0,0.0,9.5
224,3942,1,AVM YODDHAS (ISDT 8.0),Kaustubh Gupte,4.0,0.0,37.0,3.0,9.25
224,3942,1,AVM YODDHAS (ISDT 8.0),Manavendra Mishra,4.0,0.0,17.0,1.0,4.25
224,3942,1,AVM YODDHAS (ISDT 8.0),Rishi Mapara,4.0,0.0,27.0,2.0,6.75
224,3942,1,AVM YODDHAS (ISDT 8.0),Vishal Pandey,4.0,0.0,26.0,0.0,6.5
224,3942,1,AVM YODDHAS (ISDT 8.0),Sivanandan Konar,2.0,0.0,16.0,0.0,8.0
224,3942,2,JBCN AVENGERS (ISDT 8.0),Rayed Merchant,3.0,0.0,29.0,0.0,9.67
224,3942,2,JBCN AVENGERS (ISDT 8.0),Kartik Kapoor,2.0,0.0,18.0,1.0,9.0
224,3942,2,JBCN AVENGERS (ISDT 8.0),Ribhu Dasgupta,1.0,0.0,6.0,0.0,6.0
224,3942,2,JBCN AVENGERS (ISDT 8.0),Sadiq Lashkaria,3.0,0.0,27.0,0.0,9.0
224,3942,2,JBCN AVENGERS (ISDT 8.0),Akhil Seth,3.1,0.0,27.0,1.0,8.53
224,3942,2,JBCN AVENGERS (ISDT 8.0),Muddassar Virani,2.0,0.0,23.0,1.0,11.5
224,3942,2,JBCN AVENGERS (ISDT 8.0),Deepan Mankad,2.0,0.0,17.0,0.0,8.5
224,3943,1,OIS TIGERS (ISDT 8.0),Nishant Shah,4.0,0.0,23.0,0.0,5.75
224,3943,1,OIS TIGERS (ISDT 8.0),Abhishek Dutt,3.0,0.0,28.0,0.0,9.33
224,3943,1,OIS TIGERS (ISDT 8.0),Nimit Parikh,4.0,0.0,24.0,1.0,6.0
224,3943,1,OIS TIGERS (ISDT 8.0),Sahil Shah,4.0,0.0,13.0,1.0,3.25
224,3943,1,OIS TIGERS (ISDT 8.0),Manav Gohil,4.0,0.0,24.0,4.0,6.0
224,3943,1,OIS TIGERS (ISDT 8.0),Arun Madhu,1.0,0.0,14.0,0.0,14.0
224,3943,2,JNS TOROS (ISDT 8.0),Shamin Karbhari,4.0,0.0,23.0,0.0,5.75
224,3943,2,JNS TOROS (ISDT 8.0),Seemab Khan,4.0,0.0,13.0,1.0,3.25
224,3943,2,JNS TOROS (ISDT 8.0),Keyur M Shah,2.0,0.0,15.0,0.0,7.5
224,3943,2,JNS TOROS (ISDT 8.0),Gurmeet Singh Ahuja,4.0,0.0,33.0,1.0,8.25
224,3943,2,JNS TOROS (ISDT 8.0),Sahil Parikh,1.0,0.0,13.0,0.0,13.0
224,3943,2,JNS TOROS (ISDT 8.0),Jimmy Shah,2.4,0.0,22.0,1.0,8.25
224,3943,2,JNS TOROS (ISDT 8.0),Divi Sisodia,1.0,0.0,11.0,0.0,11.0
224,3944,1,UTPAL WARRIORS (ISDT 8.0),Abhishek Sunny,4.0,1.0,23.0,1.0,5.75
224,3944,1,UTPAL WARRIORS (ISDT 8.0),Shailesh Maniya,3.0,0.0,18.0,0.0,6.0
224,3944,1,UTPAL WARRIORS (ISDT 8.0),Asgar Khan,4.0,0.0,9.0,2.0,2.25
224,3944,1,UTPAL WARRIORS (ISDT 8.0),Pratik Desai,4.0,0.0,15.0,2.0,3.75
224,3944,1,UTPAL WARRIORS (ISDT 8.0),Gautam Sheth,1.0,0.0,8.0,0.0,8.0
224,3944,1,UTPAL WARRIORS (ISDT 8.0),Virat Jain,4.0,0.0,8.0,2.0,2.0
224,3944,2,SCOTTISH STRIKING STARS (ISDT 8.0),Isaac Nazareth,4.0,0.0,32.0,1.0,8.0
224,3944,2,SCOTTISH STRIKING STARS (ISDT 8.0),Nishant Ranka,2.0,0.0,14.0,0.0,7.0
224,3944,2,SCOTTISH STRIKING STARS (ISDT 8.0),Himanshu Waingankar,2.0,0.0,13.0,0.0,6.5
224,3944,2,SCOTTISH STRIKING STARS (ISDT 8.0),Vinod Giri,3.0,0.0,11.0,1.0,3.67
224,3944,2,SCOTTISH STRIKING STARS (ISDT 8.0),Sunil Punjabi,1.0,0.0,8.0,0.0,8.0
224,3947,1,PETIT PANTHERS (ISDT 8.0),Sachin Deshpande,4.0,0.0,27.0,1.0,6.75
224,3947,1,PETIT PANTHERS (ISDT 8.0),Paarth Dholakia,1.0,0.0,19.0,0.0,19.0
224,3947,1,PETIT PANTHERS (ISDT 8.0),Sachin Jadhavar,4.0,1.0,19.0,1.0,4.75
224,3947,1,PETIT PANTHERS (ISDT 8.0),Kashif Shaikh,4.0,0.0,9.0,1.0,2.25
224,3947,1,PETIT PANTHERS (ISDT 8.0),Munawar Mansuri,4.0,0.0,36.0,1.0,9.0
224,3947,1,PETIT PANTHERS (ISDT 8.0),Harshraj Alaspure,3.0,0.0,32.0,2.0,10.67
224,3947,2,OIS BLASTERS (ISDT 8.0),Vinod Lund,4.0,0.0,28.0,4.0,7.0
224,3947,2,OIS BLASTERS (ISDT 8.0),Piyush Patel,4.0,0.0,22.0,0.0,5.5
224,3947,2,OIS BLASTERS (ISDT 8.0),Shomik .,2.0,0.0,11.0,1.0,5.5
224,3947,2,OIS BLASTERS (ISDT 8.0),Amitraj Bachher,4.0,0.0,25.0,1.0,6.25
224,3947,2,OIS BLASTERS (ISDT 8.0),Jay Parikh,3.0,0.0,22.0,1.0,7.33
224,3947,2,OIS BLASTERS (ISDT 8.0),Chirag .,3.0,0.0,24.0,0.0,8.0
224,3948,1,PODAR PHANTOMS (ISDT 8.0),Raviraj Shetty,4.0,0.0,18.0,3.0,4.5
224,3948,1,PODAR PHANTOMS (ISDT 8.0),Jay Samant,4.0,0.0,29.0,0.0,7.25
224,3948,1,PODAR PHANTOMS (ISDT 8.0),Viren Shah,3.0,0.0,19.0,0.0,6.33
224,3948,1,PODAR PHANTOMS (ISDT 8.0),Paresh Shah,3.0,0.0,23.0,0.0,7.67
224,3948,1,PODAR PHANTOMS (ISDT 8.0),Jayan Shah,1.0,0.0,7.0,0.0,7.0
224,3948,1,PODAR PHANTOMS (ISDT 8.0),Abhishek Singh,2.0,0.0,9.0,2.0,4.5
224,3948,1,PODAR PHANTOMS (ISDT 8.0),Mahesh Sadhwani,3.0,0.0,14.0,1.0,4.67
224,3948,2,AB WARRIORS (ISDT 8.0),Janak Sanghvi,2.0,0.0,24.0,1.0,12.0
224,3948,2,AB WARRIORS (ISDT 8.0),Krupesh Ved,4.0,0.0,26.0,0.0,6.5
224,3948,2,AB WARRIORS (ISDT 8.0),Manish Jain,4.0,0.0,30.0,0.0,7.5
224,3948,2,AB WARRIORS (ISDT 8.0),Shailendra Jhingan,2.0,0.0,19.0,0.0,9.5
224,3948,2,AB WARRIORS (ISDT 8.0),Ravi Makharia,3.0,0.0,28.0,1.0,9.33
224,3950,1,JNS MUSTANGS (ISDT 8.0),Hitesh Patel,3.0,0.0,15.0,2.0,5.0
224,3950,1,JNS MUSTANGS (ISDT 8.0),Rohit Saraf,4.0,0.0,32.0,2.0,8.0
224,3950,1,JNS MUSTANGS (ISDT 8.0),Ronak Sachdeva,4.0,0.0,15.0,1.0,3.75
224,3950,1,JNS MUSTANGS (ISDT 8.0),Rajeev Asija,2.0,0.0,15.0,0.0,7.5
224,3950,1,JNS MUSTANGS (ISDT 8.0),Hemal Chitalia,4.0,0.0,42.0,3.0,10.5
224,3950,1,JNS MUSTANGS (ISDT 8.0),Gokul Patel,1.0,0.0,12.0,0.0,12.0
224,3950,1,JNS MUSTANGS (ISDT 8.0),Jaymin Shah,2.0,0.0,18.0,0.0,9.0
224,3950,2,GE ROARING TIGERS (ISDT 8.0),Prasad Arolkar,4.0,0.0,17.0,3.0,4.25
224,3950,2,GE ROARING TIGERS (ISDT 8.0),Yogesh Wagh,2.3,0.0,6.0,2.0,2.4
224,3950,2,GE ROARING TIGERS (ISDT 8.0),Mayur Desai,2.0,0.0,15.0,2.0,7.5
224,3950,2,GE ROARING TIGERS (ISDT 8.0),Kedar Kango,3.0,0.0,14.0,0.0,4.67
224,3950,2,GE ROARING TIGERS (ISDT 8.0),Santosh Jadhav,1.0,0.0,10.0,0.0,10.0
224,3950,2,GE ROARING TIGERS (ISDT 8.0),Chittranjan Prabhu,2.0,0.0,11.0,1.0,5.5
224,3950,2,GE ROARING TIGERS (ISDT 8.0),Kiran Pednekar,2.0,0.0,17.0,1.0,8.5
224,3952,1,SCOTTISH STARS (ISDT 8.0),Shashank .,4.0,1.0,20.0,3.0,5.0
224,3952,1,SCOTTISH STARS (ISDT 8.0),Prateek .,4.0,0.0,30.0,1.0,7.5
224,3952,1,SCOTTISH STARS (ISDT 8.0),Fahad Jameel,2.0,0.0,14.0,0.0,7.0
224,3952,1,SCOTTISH STARS (ISDT 8.0),Vruturaj .,4.0,0.0,30.0,1.0,7.5
224,3952,1,SCOTTISH STARS (ISDT 8.0),Prerak .,4.0,0.0,37.0,0.0,9.25
224,3952,1,SCOTTISH STARS (ISDT 8.0),Amit Makheja,2.0,0.0,20.0,0.0,10.0
224,3952,2,CATHEDRAL KNIGHTS (ISDT 8.0),Abhijat Sanghvi,2.0,0.0,26.0,0.0,13.0
224,3952,2,CATHEDRAL KNIGHTS (ISDT 8.0),Sahil Shah,4.0,0.0,22.0,0.0,5.5
224,3952,2,CATHEDRAL KNIGHTS (ISDT 8.0),Pranay .,2.0,0.0,34.0,0.0,17.0
224,3952,2,CATHEDRAL KNIGHTS (ISDT 8.0),Vishal Vora,4.0,0.0,21.0,2.0,5.25
224,3952,2,CATHEDRAL KNIGHTS (ISDT 8.0),Mihir Mehta,4.0,0.0,20.0,1.0,5.0
224,3952,2,CATHEDRAL KNIGHTS (ISDT 8.0),Gautam Sahni,1.0,0.0,16.0,0.0,16.0
224,3952,2,CATHEDRAL KNIGHTS (ISDT 8.0),Ryan Rodrigues,1.0,0.0,9.0,0.0,9.0
224,3957,1,SCOTTISH STARS (ISDT 8.0),Mayur .,4.0,0.0,22.0,0.0,5.5
224,3957,1,SCOTTISH STARS (ISDT 8.0),Shashank .,4.0,0.0,37.0,2.0,9.25
224,3957,1,SCOTTISH STARS (ISDT 8.0),Prateek .,4.0,0.0,48.0,0.0,12.0
224,3957,1,SCOTTISH STARS (ISDT 8.0),Fahad Jameel,3.0,0.0,27.0,0.0,9.0
224,3957,1,SCOTTISH STARS (ISDT 8.0),Prerak .,4.0,0.0,35.0,3.0,8.75
224,3957,1,SCOTTISH STARS (ISDT 8.0),Nikhil .,1.0,0.0,15.0,0.0,15.0
224,3957,2,PODAR PHANTOMS (ISDT 8.0),Raviraj Shetty,3.0,0.0,28.0,1.0,9.33
224,3957,2,PODAR PHANTOMS (ISDT 8.0),Jay Samant,3.0,0.0,15.0,2.0,5.0
224,3957,2,PODAR PHANTOMS (ISDT 8.0),Paresh Shah,4.0,0.0,24.0,4.0,6.0
224,3957,2,PODAR PHANTOMS (ISDT 8.0),Abhishek Singh,3.0,1.0,8.0,1.0,2.67
224,3957,2,PODAR PHANTOMS (ISDT 8.0),Amol Kalyanpur,1.0,0.0,7.0,0.0,7.0
224,3957,2,PODAR PHANTOMS (ISDT 8.0),Viren Shah,2.0,0.0,16.0,0.0,8.0
224,3957,2,PODAR PHANTOMS (ISDT 8.0),Rushi Ardeshna,2.0,0.0,15.0,0.0,7.5
224,3957,2,PODAR PHANTOMS (ISDT 8.0),Jay Bharadwaj,2.0,0.0,22.0,0.0,11.0
224,3958,1,OIS TIGERS (ISDT 8.0),Nishant Shah,4.0,0.0,38.0,3.0,9.5
224,3958,1,OIS TIGERS (ISDT 8.0),Abhishek Dutt,1.0,0.0,14.0,0.0,14.0
224,3958,1,OIS TIGERS (ISDT 8.0),Nimit Parikh,4.0,0.0,36.0,1.0,9.0
224,3958,1,OIS TIGERS (ISDT 8.0),Sahil Shah,4.0,0.0,25.0,1.0,6.25
224,3958,1,OIS TIGERS (ISDT 8.0),Manav Gohil,3.0,0.0,34.0,0.0,11.33
224,3958,1,OIS TIGERS (ISDT 8.0),Ajit Virwani,2.0,0.0,13.0,1.0,6.5
224,3958,1,OIS TIGERS (ISDT 8.0),Vikram Panjwani,2.0,0.0,22.0,0.0,11.0
224,3958,2,UTPAL WARRIORS (ISDT 8.0),Shailesh Maniya,4.0,0.0,39.0,1.0,9.75
224,3958,2,UTPAL WARRIORS (ISDT 8.0),Abhishek Sunny,2.0,0.0,37.0,0.0,18.5
224,3958,2,UTPAL WARRIORS (ISDT 8.0),Deven Dhruva,4.0,0.0,19.0,0.0,4.75
224,3958,2,UTPAL WARRIORS (ISDT 8.0),Asgar Khan,4.0,0.0,25.0,1.0,6.25
224,3958,2,UTPAL WARRIORS (ISDT 8.0),Gautam Sheth,2.0,0.0,23.0,1.0,11.5
224,3958,2,UTPAL WARRIORS (ISDT 8.0),Pratik Desai,4.0,0.0,30.0,0.0,7.5
224,3959,1,USG GLADDIATORS (ISDT 8.0),Shreyansh Jain,4.0,0.0,19.0,1.0,4.75
224,3959,1,USG GLADDIATORS (ISDT 8.0),Ritesh Bhalani,4.0,0.0,20.0,3.0,5.0
224,3959,1,USG GLADDIATORS (ISDT 8.0),Alok Modi,4.0,0.0,19.0,1.0,4.75
224,3959,1,USG GLADDIATORS (ISDT 8.0),Ronak Mehta,4.0,1.0,13.0,1.0,3.25
224,3959,1,USG GLADDIATORS (ISDT 8.0),Anand Bachawat,3.0,0.0,21.0,1.0,7.0
224,3959,1,USG GLADDIATORS (ISDT 8.0),Vipin Jain,1.0,0.0,7.0,0.0,7.0
224,3959,2,OIS BLASTERS (ISDT 8.0),Vinod Lund,3.0,0.0,29.0,0.0,9.67
224,3959,2,OIS BLASTERS (ISDT 8.0),Amitraj Bachher,1.0,0.0,13.0,0.0,13.0
224,3959,2,OIS BLASTERS (ISDT 8.0),Jay Parikh,1.0,0.0,12.0,0.0,12.0
224,3959,2,OIS BLASTERS (ISDT 8.0),Amanpreet Singh,1.0,0.0,7.0,0.0,7.0
224,3959,2,OIS BLASTERS (ISDT 8.0),Anshul Lodha,1.0,0.0,14.0,0.0,14.0
224,3959,2,OIS BLASTERS (ISDT 8.0),Shomik .,1.0,0.0,14.0,0.0,14.0
224,3959,2,OIS BLASTERS (ISDT 8.0),Gautam M,1.0,0.0,9.0,0.0,9.0
224,3960,1,AVM YODDHAS (ISDT 8.0),Rishi Mapara,4.0,0.0,30.0,2.0,7.5
224,3960,1,AVM YODDHAS (ISDT 8.0),Saurabh Mehta,4.0,0.0,26.0,1.0,6.5
224,3960,1,AVM YODDHAS (ISDT 8.0),Sachin Matani,4.0,0.0,24.0,1.0,6.0
224,3960,1,AVM YODDHAS (ISDT 8.0),Sivanandan Konar,3.0,0.0,23.0,1.0,7.67
224,3960,1,AVM YODDHAS (ISDT 8.0),Vishal Pandey,3.0,0.0,27.0,1.0,9.0
224,3960,1,AVM YODDHAS (ISDT 8.0),Chetan Kapoor,1.0,0.0,5.0,0.0,5.0
224,3960,1,AVM YODDHAS (ISDT 8.0),Nilay Shah,1.0,0.0,17.0,1.0,17.0
224,3960,2,GE ROARING TIGERS (ISDT 8.0),Prasad Arolkar,4.0,0.0,25.0,1.0,6.25
224,3960,2,GE ROARING TIGERS (ISDT 8.0),Yogesh Wagh,1.0,0.0,19.0,0.0,19.0
224,3960,2,GE ROARING TIGERS (ISDT 8.0),Kiran Pednekar,3.0,0.0,31.0,0.0,10.33
224,3960,2,GE ROARING TIGERS (ISDT 8.0),Arvind Shetty,4.0,0.0,32.0,0.0,8.0
224,3960,2,GE ROARING TIGERS (ISDT 8.0),Sanjay Chandiramani,1.0,0.0,12.0,1.0,12.0
224,3960,2,GE ROARING TIGERS (ISDT 8.0),Kedar Kango,2.0,0.0,23.0,0.0,11.5
224,3960,2,GE ROARING TIGERS (ISDT 8.0),Chittranjan Prabhu,1.0,0.0,9.0,0.0,9.0
224,3960,2,GE ROARING TIGERS (ISDT 8.0),Vikrant Pathare,0.2,0.0,12.0,0.0,36.0
224,3979,1,USG GLADDIATORS (ISDT 8.0),Shreyansh Jain,4.0,0.0,34.0,2.0,8.5
224,3979,1,USG GLADDIATORS (ISDT 8.0),Ritesh Bhalani,4.0,0.0,36.0,1.0,9.0
224,3979,1,USG GLADDIATORS (ISDT 8.0),Ronak Mehta,4.0,0.0,27.0,0.0,6.75
224,3979,1,USG GLADDIATORS (ISDT 8.0),Alok Modi,3.0,0.0,23.0,1.0,7.67
224,3979,1,USG GLADDIATORS (ISDT 8.0),Anand Bachawat,1.0,0.0,10.0,0.0,10.0
224,3979,1,USG GLADDIATORS (ISDT 8.0),Vipin Jain,2.0,0.0,21.0,0.0,10.5
224,3979,1,USG GLADDIATORS (ISDT 8.0),Vinay Malpani,2.0,0.0,19.0,1.0,9.5
224,3979,2,PODAR PHANTOMS (ISDT 8.0),Raviraj Shetty,4.0,0.0,18.0,2.0,4.5
224,3979,2,PODAR PHANTOMS (ISDT 8.0),Jay Samant,4.0,0.0,17.0,1.0,4.25
224,3979,2,PODAR PHANTOMS (ISDT 8.0),Viren Shah,4.0,0.0,26.0,3.0,6.5
224,3979,2,PODAR PHANTOMS (ISDT 8.0),Paresh Shah,4.0,0.0,35.0,2.0,8.75
224,3979,2,PODAR PHANTOMS (ISDT 8.0),Abhishek Singh,1.0,0.0,10.0,0.0,10.0
224,3979,2,PODAR PHANTOMS (ISDT 8.0),Jayan Shah,2.0,0.0,24.0,0.0,12.0
224,3979,2,PODAR PHANTOMS (ISDT 8.0),Mahesh Sadhwani,1.0,0.0,15.0,0.0,15.0
224,3980,1,AVM YODDHAS (ISDT 8.0),Saurabh Mehta,4.0,0.0,27.0,1.0,6.75
224,3980,1,AVM YODDHAS (ISDT 8.0),Manavendra Mishra,4.0,0.0,32.0,0.0,8.0
224,3980,1,AVM YODDHAS (ISDT 8.0),Sachin Matani,3.0,0.0,32.0,0.0,10.67
224,3980,1,AVM YODDHAS (ISDT 8.0),Vishal Pandey,4.0,0.0,27.0,1.0,6.75
224,3980,1,AVM YODDHAS (ISDT 8.0),Rishi Mapara,3.0,0.0,26.0,2.0,8.67
224,3980,1,AVM YODDHAS (ISDT 8.0),Sivanandan Konar,2.0,0.0,16.0,1.0,8.0
224,3980,2,UTPAL WARRIORS (ISDT 8.0),Shailesh Maniya,4.0,0.0,18.0,0.0,4.5
224,3980,2,UTPAL WARRIORS (ISDT 8.0),Deven Dhruva,4.0,0.0,21.0,2.0,5.25
224,3980,2,UTPAL WARRIORS (ISDT 8.0),Abhishek Sunny,3.0,0.0,49.0,0.0,16.33
224,3980,2,UTPAL WARRIORS (ISDT 8.0),Pratik Desai,4.0,0.0,27.0,2.0,6.75
224,3980,2,UTPAL WARRIORS (ISDT 8.0),Siddharth Kadam,1.0,0.0,17.0,0.0,17.0
224,3980,2,UTPAL WARRIORS (ISDT 8.0),Gautam Sheth,2.0,0.0,30.0,0.0,15.0
224,3980,2,UTPAL WARRIORS (ISDT 8.0),Miraj Vora,0.2,0.0,5.0,0.0,15.0
200,3479,1,SPORTSTERS (SMDL 2.0),Rishikesh Shah,3.0,0.0,30.0,0.0,10.0
200,3479,1,SPORTSTERS (SMDL 2.0),Hitesh Bhayani,4.0,0.0,25.0,0.0,6.25
200,3479,1,SPORTSTERS (SMDL 2.0),Jitendra Singh,4.0,0.0,48.0,2.0,12.0
200,3479,1,SPORTSTERS (SMDL 2.0),Suchit Shah,2.0,0.0,31.0,0.0,15.5
200,3479,1,SPORTSTERS (SMDL 2.0),Nikhil Khandelwal,4.0,0.0,47.0,2.0,11.75
200,3479,1,SPORTSTERS (SMDL 2.0),Umesh Mehra,3.0,0.0,23.0,0.0,7.67
200,3479,2,ANTIQUE FRIENDS (SMDL 2.0),Akshay Borkar,4.0,0.0,33.0,1.0,8.25
200,3479,2,ANTIQUE FRIENDS (SMDL 2.0),Hitesh Khilnani,2.0,0.0,15.0,0.0,7.5
200,3479,2,ANTIQUE FRIENDS (SMDL 2.0),Pramod Chandan,4.0,0.0,34.0,0.0,8.5
200,3479,2,ANTIQUE FRIENDS (SMDL 2.0),Mahesh Biyani,4.0,0.0,42.0,2.0,10.5
200,3479,2,ANTIQUE FRIENDS (SMDL 2.0),Prashant Panchal,2.0,0.0,19.0,1.0,9.5
200,3479,2,ANTIQUE FRIENDS (SMDL 2.0),Sachin Jadhavar,4.0,0.0,44.0,2.0,11.0
200,3487,1,INDIANA PAINTS TEAM (SMDL 2.0),Shamin Karbhari,3.0,0.0,10.0,2.0,3.33
200,3487,1,INDIANA PAINTS TEAM (SMDL 2.0),Amol Saraf,4.0,0.0,14.0,3.0,3.5
200,3487,1,INDIANA PAINTS TEAM (SMDL 2.0),Jasneet Singh Bindra,4.0,0.0,24.0,2.0,6.0
200,3487,1,INDIANA PAINTS TEAM (SMDL 2.0),Gautam Parolia,2.2,0.0,23.0,1.0,9.86
200,3487,1,INDIANA PAINTS TEAM (SMDL 2.0),Arun Madhu,2.0,0.0,18.0,0.0,9.0
200,3487,1,INDIANA PAINTS TEAM (SMDL 2.0),Shamit Desai,2.0,0.0,16.0,1.0,8.0
200,3487,2,SPORTSTERS (SMDL 2.0),Rishikesh Shah,2.0,0.0,16.0,1.0,8.0
200,3487,2,SPORTSTERS (SMDL 2.0),Jitendra Singh,1.0,0.0,12.0,0.0,12.0
200,3487,2,SPORTSTERS (SMDL 2.0),Mehul Shah,1.0,0.0,9.0,0.0,9.0
200,3487,2,SPORTSTERS (SMDL 2.0),Umesh Mehra,1.0,0.0,12.0,0.0,12.0
200,3487,2,SPORTSTERS (SMDL 2.0),Partho Bakshi,1.0,0.0,15.0,0.0,15.0
200,3487,2,SPORTSTERS (SMDL 2.0),Jeetinder Diwan,2.0,0.0,11.0,0.0,5.5
200,3487,2,SPORTSTERS (SMDL 2.0),Nikhil Khandelwal,1.0,0.0,12.0,1.0,12.0
200,3487,2,SPORTSTERS (SMDL 2.0),Sumeet Gupta,0.5,0.0,19.0,0.0,22.8
200,3488,1,ANTIQUE FRIENDS (SMDL 2.0),Akshay Borkar,2.0,0.0,27.0,0.0,13.5
200,3488,1,ANTIQUE FRIENDS (SMDL 2.0),Pramod Chandan,2.0,0.0,24.0,0.0,12.0
200,3488,1,ANTIQUE FRIENDS (SMDL 2.0),Sachin Jadhavar,3.0,0.0,29.0,1.0,9.67
200,3488,1,ANTIQUE FRIENDS (SMDL 2.0),Nishant Patankar,4.0,0.0,24.0,0.0,6.0
200,3488,1,ANTIQUE FRIENDS (SMDL 2.0),Mahesh Biyani,3.0,0.0,20.0,1.0,6.67
200,3488,1,ANTIQUE FRIENDS (SMDL 2.0),Prashant Panchal,2.0,0.0,18.0,1.0,9.0
200,3488,1,ANTIQUE FRIENDS (SMDL 2.0),Manindra Singh,4.0,0.0,35.0,2.0,8.75
200,3488,2,ALLIANZ CRICKET CLUB (SMDL 2.0),Deven Dhruva,4.0,0.0,23.0,2.0,5.75
200,3488,2,ALLIANZ CRICKET CLUB (SMDL 2.0),Sahil Shah,3.0,0.0,36.0,0.0,12.0
200,3488,2,ALLIANZ CRICKET CLUB (SMDL 2.0),Shakti Kapoor,2.0,0.0,16.0,1.0,8.0
200,3488,2,ALLIANZ CRICKET CLUB (SMDL 2.0),Shushrut Nasnodkar,4.0,0.0,31.0,1.0,7.75
200,3488,2,ALLIANZ CRICKET CLUB (SMDL 2.0),Abhishek Singh,3.0,0.0,23.0,2.0,7.67
200,3488,2,ALLIANZ CRICKET CLUB (SMDL 2.0),Jay Samant,1.0,0.0,17.0,0.0,17.0
200,3488,2,ALLIANZ CRICKET CLUB (SMDL 2.0),Tripoorraj Dhavale,1.0,0.0,7.0,0.0,7.0
200,3488,2,ALLIANZ CRICKET CLUB (SMDL 2.0),Aditya Jain,2.0,0.0,11.0,1.0,5.5
200,3496,1,GIANTS CRICKET CLUB (SMDL 2.0),Sunil Punjabi,3.0,0.0,28.0,1.0,9.33
200,3496,1,GIANTS CRICKET CLUB (SMDL 2.0),Divya Mehta,4.0,0.0,47.0,2.0,11.75
200,3496,1,GIANTS CRICKET CLUB (SMDL 2.0),Siddharth Gopalkrishnan,3.0,0.0,38.0,0.0,12.67
200,3496,1,GIANTS CRICKET CLUB (SMDL 2.0),Harsh Shah,3.0,0.0,22.0,1.0,7.33
200,3496,1,GIANTS CRICKET CLUB (SMDL 2.0),Vibhu Manya,4.0,0.0,31.0,1.0,7.75
200,3496,1,GIANTS CRICKET CLUB (SMDL 2.0),Parag Raj,2.0,0.0,16.0,1.0,8.0
200,3496,1,GIANTS CRICKET CLUB (SMDL 2.0),Mitul Patel,1.0,0.0,13.0,1.0,13.0
200,3496,2,SAGE ROYALS (SMDL 2.0),Jimish Shah,2.0,0.0,15.0,0.0,7.5
200,3496,2,SAGE ROYALS (SMDL 2.0),Vinod Lund,3.0,0.0,31.0,1.0,10.33
200,3496,2,SAGE ROYALS (SMDL 2.0),Akshesh Trivedi,4.0,0.0,30.0,1.0,7.5
200,3496,2,SAGE ROYALS (SMDL 2.0),Karan Sharma,3.0,0.0,25.0,1.0,8.33
200,3496,2,SAGE ROYALS (SMDL 2.0),Jay Pandya,3.0,0.0,29.0,0.0,9.67
200,3496,2,SAGE ROYALS (SMDL 2.0),Varun Saboo,4.0,0.0,29.0,1.0,7.25
200,3496,2,SAGE ROYALS (SMDL 2.0),Keyur Gandhi,1.0,0.0,9.0,1.0,9.0
200,3497,1,ANIMAL (SMDL 2.0),Rishi Mapara,4.0,0.0,36.0,1.0,9.0
200,3497,1,ANIMAL (SMDL 2.0),Kaustubh Gupte,3.0,0.0,16.0,1.0,5.33
200,3497,1,ANIMAL (SMDL 2.0),Manavendra Mishra,4.0,0.0,28.0,5.0,7.0
200,3497,1,ANIMAL (SMDL 2.0),Rahul Sharma,2.0,0.0,28.0,0.0,14.0
200,3497,1,ANIMAL (SMDL 2.0),Amit Manubarwala,2.0,0.0,22.0,1.0,11.0
200,3497,1,ANIMAL (SMDL 2.0),Jayesh Chawla,2.5,0.0,28.0,2.0,9.88
200,3497,1,ANIMAL (SMDL 2.0),Sivanandan Konar,1.0,0.0,14.0,0.0,14.0
200,3497,2,ANONYMOUS TITANS (SMDL 2.0),Aakash Desai,3.0,0.0,37.0,1.0,12.33
200,3497,2,ANONYMOUS TITANS (SMDL 2.0),Kaushal Trivedi,4.0,0.0,38.0,2.0,9.5
200,3497,2,ANONYMOUS TITANS (SMDL 2.0),Harshal Shah,2.0,0.0,22.0,1.0,11.0
200,3497,2,ANONYMOUS TITANS (SMDL 2.0),Rajiv Hingoo,3.0,0.0,26.0,0.0,8.67
200,3497,2,ANONYMOUS TITANS (SMDL 2.0),Abhimanyu Khanna,4.0,0.0,31.0,0.0,7.75
200,3497,2,ANONYMOUS TITANS (SMDL 2.0),Vishal Pandey,1.0,0.0,11.0,0.0,11.0
200,3497,2,ANONYMOUS TITANS (SMDL 2.0),Sanjeev Sularia,0.5,0.0,13.0,0.0,15.6
200,3500,1,INDIANA PAINTS TEAM (SMDL 2.0),Shamin Karbhari,3.0,0.0,19.0,1.0,6.33
200,3500,1,INDIANA PAINTS TEAM (SMDL 2.0),Amol Saraf,4.0,0.0,38.0,1.0,9.5
200,3500,1,INDIANA PAINTS TEAM (SMDL 2.0),Karan Khushalani,3.0,0.0,28.0,0.0,9.33
200,3500,1,INDIANA PAINTS TEAM (SMDL 2.0),Arun Madhu,4.0,0.0,27.0,2.0,6.75
200,3500,1,INDIANA PAINTS TEAM (SMDL 2.0),Vikas Linga,3.0,0.0,26.0,0.0,8.67
200,3500,1,INDIANA PAINTS TEAM (SMDL 2.0),Harshwardhan Deshpande,1.0,0.0,11.0,0.0,11.0
200,3500,1,INDIANA PAINTS TEAM (SMDL 2.0),Jasneet Singh Bindra,2.0,0.0,22.0,0.0,11.0
200,3500,2,ANTIQUE FRIENDS (SMDL 2.0),Manindra Singh,4.0,0.0,14.0,3.0,3.5
200,3500,2,ANTIQUE FRIENDS (SMDL 2.0),Nishant Patankar,4.0,0.0,32.0,1.0,8.0
200,3500,2,ANTIQUE FRIENDS (SMDL 2.0),Chinmay Ghate,1.0,0.0,10.0,0.0,10.0
200,3500,2,ANTIQUE FRIENDS (SMDL 2.0),Mahesh Biyani,2.0,0.0,28.0,0.0,14.0
200,3500,2,ANTIQUE FRIENDS (SMDL 2.0),Sachin Jadhavar,3.0,0.0,23.0,3.0,7.67
200,3500,2,ANTIQUE FRIENDS (SMDL 2.0),Ashwin Pathak,3.0,0.0,22.0,1.0,7.33
200,3500,2,ANTIQUE FRIENDS (SMDL 2.0),Hitesh Khilnani,1.1,0.0,13.0,1.0,11.14
200,3500,2,ANTIQUE FRIENDS (SMDL 2.0),Pramod Chandan,1.0,0.0,18.0,0.0,18.0
200,3501,1,ANONYMOUS TITANS (SMDL 2.0),Aakash Desai,2.0,0.0,27.0,0.0,13.5
200,3501,1,ANONYMOUS TITANS (SMDL 2.0),Kaushal Trivedi,3.0,0.0,41.0,0.0,13.67
200,3501,1,ANONYMOUS TITANS (SMDL 2.0),Vishal Pandey,4.0,0.0,27.0,1.0,6.75
200,3501,1,ANONYMOUS TITANS (SMDL 2.0),Rajiv Hingoo,3.0,0.0,24.0,1.0,8.0
200,3501,1,ANONYMOUS TITANS (SMDL 2.0),Abhimanyu Khanna,4.0,0.0,46.0,1.0,11.5
200,3501,1,ANONYMOUS TITANS (SMDL 2.0),Prateek Garg,2.0,0.0,18.0,1.0,9.0
200,3501,1,ANONYMOUS TITANS (SMDL 2.0),Sanjeev Sularia,2.0,0.0,20.0,0.0,10.0
200,3501,2,SAGE ROYALS (SMDL 2.0),Jimish Shah,3.0,1.0,18.0,1.0,6.0
200,3501,2,SAGE ROYALS (SMDL 2.0),Vinod Lund,1.0,0.0,17.0,0.0,17.0
200,3501,2,SAGE ROYALS (SMDL 2.0),Akshesh Trivedi,3.0,0.0,29.0,4.0,9.67
200,3501,2,SAGE ROYALS (SMDL 2.0),Piyushkumar Patel,2.0,0.0,29.0,0.0,14.5
200,3501,2,SAGE ROYALS (SMDL 2.0),Jay Pandya,3.0,0.0,22.0,1.0,7.33
200,3501,2,SAGE ROYALS (SMDL 2.0),Karan Sharma,4.0,0.0,27.0,2.0,6.75
200,3501,2,SAGE ROYALS (SMDL 2.0),Varun Saboo,3.0,0.0,19.0,1.0,6.33
200,3501,2,SAGE ROYALS (SMDL 2.0),Dhawal Shah,1.0,0.0,15.0,0.0,15.0
200,3513,1,ANONYMOUS TITANS (SMDL 2.0),Vishal Pandey,3.0,0.0,49.0,0.0,16.33
200,3513,1,ANONYMOUS TITANS (SMDL 2.0),Prateek Garg,4.0,0.0,30.0,0.0,7.5
200,3513,1,ANONYMOUS TITANS (SMDL 2.0),Harshal Shah,3.0,0.0,28.0,0.0,9.33
200,3513,1,ANONYMOUS TITANS (SMDL 2.0),Sanjeev Sularia,4.0,0.0,41.0,1.0,10.25
200,3513,1,ANONYMOUS TITANS (SMDL 2.0),Kumar Adnani,2.0,0.0,14.0,1.0,7.0
200,3513,1,ANONYMOUS TITANS (SMDL 2.0),Abhimanyu Khanna,3.0,0.0,36.0,2.0,12.0
200,3513,1,ANONYMOUS TITANS (SMDL 2.0),Vicky Sujan,1.0,0.0,14.0,0.0,14.0
200,3513,2,GIANTS CRICKET CLUB (SMDL 2.0),Rabindra Jhunjhunwala,3.0,0.0,33.0,1.0,11.0
200,3513,2,GIANTS CRICKET CLUB (SMDL 2.0),Divya Mehta,2.5,0.0,45.0,0.0,15.88
200,3513,2,GIANTS CRICKET CLUB (SMDL 2.0),Sunil Punjabi,1.0,0.0,16.0,0.0,16.0
200,3513,2,GIANTS CRICKET CLUB (SMDL 2.0),Vibhu Manya,2.0,0.0,29.0,0.0,14.5
200,3513,2,GIANTS CRICKET CLUB (SMDL 2.0),Parag Raj,2.0,0.0,27.0,0.0,13.5
200,3513,2,GIANTS CRICKET CLUB (SMDL 2.0),Harsh Shah,2.0,0.0,23.0,0.0,11.5
200,3513,2,GIANTS CRICKET CLUB (SMDL 2.0),Siddharth Gopalkrishnan,1.0,0.0,16.0,0.0,16.0
200,3513,2,GIANTS CRICKET CLUB (SMDL 2.0),Vinit Sheth,1.0,0.0,17.0,0.0,17.0
200,3513,2,GIANTS CRICKET CLUB (SMDL 2.0),Malay Jiwani,1.0,0.0,9.0,1.0,9.0
200,3519,1,INDIANA PAINTS TEAM (SMDL 2.0),Karan Khushalani,4.0,0.0,42.0,0.0,10.5
200,3519,1,INDIANA PAINTS TEAM (SMDL 2.0),Amol Saraf,3.0,0.0,37.0,0.0,12.33
200,3519,1,INDIANA PAINTS TEAM (SMDL 2.0),Jigar Parikh,4.0,0.0,28.0,2.0,7.0
200,3519,1,INDIANA PAINTS TEAM (SMDL 2.0),Vikas Linga,3.0,0.0,28.0,1.0,9.33
200,3519,1,INDIANA PAINTS TEAM (SMDL 2.0),Gautam Parolia,3.0,0.0,27.0,1.0,9.0
200,3519,1,INDIANA PAINTS TEAM (SMDL 2.0),Jasneet Singh Bindra,3.0,0.0,35.0,0.0,11.67
200,3519,2,ALLIANZ CRICKET CLUB (SMDL 2.0),Abhishek Singh,2.0,0.0,25.0,1.0,12.5
200,3519,2,ALLIANZ CRICKET CLUB (SMDL 2.0),Siddharth Kadam,3.0,0.0,15.0,2.0,5.0
200,3519,2,ALLIANZ CRICKET CLUB (SMDL 2.0),Deven Dhruva,3.0,0.0,28.0,1.0,9.33
200,3519,2,ALLIANZ CRICKET CLUB (SMDL 2.0),Shakti Kapoor,2.0,0.0,23.0,0.0,11.5
200,3519,2,ALLIANZ CRICKET CLUB (SMDL 2.0),Sahil Shah,3.0,0.0,14.0,2.0,4.67
200,3519,2,ALLIANZ CRICKET CLUB (SMDL 2.0),Tripoorraj Dhavale,2.0,0.0,16.0,0.0,8.0
200,3519,2,ALLIANZ CRICKET CLUB (SMDL 2.0),Aditya Jain,2.0,0.0,16.0,1.0,8.0
200,3519,2,ALLIANZ CRICKET CLUB (SMDL 2.0),Jay Samant,2.0,0.0,14.0,1.0,7.0
200,3519,2,ALLIANZ CRICKET CLUB (SMDL 2.0),Himanshu Ranka,0.1,0.0,0.0,1.0,0.0
200,3523,1,SAGE ROYALS (SMDL 2.0),Vinod Lund,2.0,0.0,21.0,0.0,10.5
200,3523,1,SAGE ROYALS (SMDL 2.0),Varun Saboo,3.0,0.0,29.0,1.0,9.67
200,3523,1,SAGE ROYALS (SMDL 2.0),Jimish Shah,3.0,0.0,27.0,1.0,9.0
200,3523,1,SAGE ROYALS (SMDL 2.0),Akshesh Trivedi,3.0,0.0,16.0,2.0,5.33
200,3523,1,SAGE ROYALS (SMDL 2.0),Jay Pandya,4.0,0.0,10.0,4.0,2.5
200,3523,1,SAGE ROYALS (SMDL 2.0),Karan Sharma,4.0,0.0,27.0,1.0,6.75
200,3523,1,SAGE ROYALS (SMDL 2.0),Dhawal Shah,1.0,0.0,8.0,0.0,8.0
200,3523,2,ANIMAL (SMDL 2.0),Manavendra Mishra,4.0,0.0,14.0,3.0,3.5
200,3523,2,ANIMAL (SMDL 2.0),Kaustubh Gupte,2.0,0.0,8.0,0.0,4.0
200,3523,2,ANIMAL (SMDL 2.0),Rahul Sharma,2.0,0.0,18.0,0.0,9.0
200,3523,2,ANIMAL (SMDL 2.0),Yogesh Wagh,1.0,0.0,12.0,0.0,12.0
200,3523,2,ANIMAL (SMDL 2.0),Chetan Kapoor,2.0,0.0,26.0,0.0,13.0
200,3523,2,ANIMAL (SMDL 2.0),Amit Manubarwala,2.0,0.0,17.0,0.0,8.5
200,3523,2,ANIMAL (SMDL 2.0),Nilay Shah,2.0,0.0,24.0,0.0,12.0
200,3523,2,ANIMAL (SMDL 2.0),Jayesh Chawla,3.0,0.0,12.0,3.0,4.0
200,3524,1,SPORTSTERS (SMDL 2.0),Hitesh Bhayani,4.0,0.0,26.0,1.0,6.5
200,3524,1,SPORTSTERS (SMDL 2.0),Jitendra Singh,4.0,0.0,27.0,1.0,6.75
200,3524,1,SPORTSTERS (SMDL 2.0),Abhishek Dutt,3.0,0.0,21.0,0.0,7.0
200,3524,1,SPORTSTERS (SMDL 2.0),Suchit Shah,2.0,0.0,14.0,0.0,7.0
200,3524,1,SPORTSTERS (SMDL 2.0),Umesh Mehra,3.0,0.0,20.0,1.0,6.67
200,3524,1,SPORTSTERS (SMDL 2.0),Jeetinder Diwan,1.0,0.0,14.0,0.0,14.0
200,3524,1,SPORTSTERS (SMDL 2.0),Shagun Shah,2.0,0.0,8.0,1.0,4.0
200,3524,1,SPORTSTERS (SMDL 2.0),Partho Bakshi,1.0,0.0,6.0,0.0,6.0
200,3524,2,ALLIANZ CRICKET CLUB (SMDL 2.0),Tripoorraj Dhavale,3.0,0.0,49.0,0.0,16.33
200,3524,2,ALLIANZ CRICKET CLUB (SMDL 2.0),Abhishek Singh,3.0,0.0,52.0,0.0,17.33
200,3524,2,ALLIANZ CRICKET CLUB (SMDL 2.0),Deven Dhruva,1.2,0.0,24.0,0.0,18.0
200,3524,2,ALLIANZ CRICKET CLUB (SMDL 2.0),Siddharth Kadam,1.0,0.0,16.0,0.0,16.0
200,3527,1,ALLIANZ CRICKET CLUB (SMDL 2.0),Siddharth Kadam,3.0,0.0,14.0,2.0,4.67
200,3527,1,ALLIANZ CRICKET CLUB (SMDL 2.0),Deven Dhruva,4.0,0.0,28.0,0.0,7.0
200,3527,1,ALLIANZ CRICKET CLUB (SMDL 2.0),Miraj Vora,2.0,0.0,15.0,1.0,7.5
200,3527,1,ALLIANZ CRICKET CLUB (SMDL 2.0),Sahil Shah,4.0,0.0,22.0,1.0,5.5
200,3527,1,ALLIANZ CRICKET CLUB (SMDL 2.0),Jay Samant,3.0,0.0,20.0,2.0,6.67
200,3527,1,ALLIANZ CRICKET CLUB (SMDL 2.0),Himanshu Ranka,1.0,0.0,4.0,1.0,4.0
200,3527,1,ALLIANZ CRICKET CLUB (SMDL 2.0),Tripoorraj Dhavale,2.0,0.0,10.0,1.0,5.0
200,3527,1,ALLIANZ CRICKET CLUB (SMDL 2.0),Aditya Jain,1.0,0.0,11.0,0.0,11.0
200,3527,2,SAGE ROYALS (SMDL 2.0),Jimish Shah,3.0,0.0,26.0,0.0,8.67
200,3527,2,SAGE ROYALS (SMDL 2.0),Vinod Lund,4.0,0.0,20.0,2.0,5.0
200,3527,2,SAGE ROYALS (SMDL 2.0),Akshesh Trivedi,2.0,0.0,16.0,0.0,8.0
200,3527,2,SAGE ROYALS (SMDL 2.0),Varun Saboo,3.0,0.0,19.0,0.0,6.33
200,3527,2,SAGE ROYALS (SMDL 2.0),Karan Sharma,4.0,0.0,10.0,2.0,2.5
200,3527,2,SAGE ROYALS (SMDL 2.0),Piyushkumar Patel,2.5,0.0,29.0,2.0,10.24
200,3528,1,ANTIQUE FRIENDS (SMDL 2.0),Hitesh Khilnani,3.0,0.0,31.0,0.0,10.33
200,3528,1,ANTIQUE FRIENDS (SMDL 2.0),Nishant Patankar,3.0,0.0,26.0,0.0,8.67
200,3528,1,ANTIQUE FRIENDS (SMDL 2.0),Manindra Singh,4.0,0.0,33.0,1.0,8.25
200,3528,1,ANTIQUE FRIENDS (SMDL 2.0),Pramod Chandan,3.0,0.0,22.0,2.0,7.33
200,3528,1,ANTIQUE FRIENDS (SMDL 2.0),Mahesh Biyani,3.0,0.0,19.0,1.0,6.33
200,3528,1,ANTIQUE FRIENDS (SMDL 2.0),Sachin Jadhavar,4.0,0.0,25.0,1.0,6.25
200,3528,2,ANIMAL (SMDL 2.0),Kaustubh Gupte,3.0,0.0,28.0,1.0,9.33
200,3528,2,ANIMAL (SMDL 2.0),Rahul Sharma,2.0,0.0,14.0,1.0,7.0
200,3528,2,ANIMAL (SMDL 2.0),Rishi Mapara,4.0,0.0,25.0,1.0,6.25
200,3528,2,ANIMAL (SMDL 2.0),Jayesh Chawla,1.0,0.0,12.0,0.0,12.0
200,3528,2,ANIMAL (SMDL 2.0),Amit Manubarwala,2.0,0.0,10.0,2.0,5.0
200,3528,2,ANIMAL (SMDL 2.0),Sivanandan Konar,2.0,0.0,19.0,1.0,9.5
200,3528,2,ANIMAL (SMDL 2.0),Manavendra Mishra,4.0,0.0,25.0,0.0,6.25
200,3528,2,ANIMAL (SMDL 2.0),Anshul Lodha,1.0,0.0,11.0,0.0,11.0
200,3528,2,ANIMAL (SMDL 2.0),Nilay Shah,1.0,0.0,10.0,0.0,10.0
200,3533,1,INDIANA PAINTS TEAM (SMDL 2.0),Karan Khushalani,3.0,0.0,22.0,1.0,7.33
200,3533,1,INDIANA PAINTS TEAM (SMDL 2.0),Amol Saraf,4.0,1.0,14.0,1.0,3.5
200,3533,1,INDIANA PAINTS TEAM (SMDL 2.0),Shamin Karbhari,1.0,0.0,9.0,0.0,9.0
200,3533,1,INDIANA PAINTS TEAM (SMDL 2.0),Jigar Parikh,2.0,0.0,14.0,0.0,7.0
200,3533,1,INDIANA PAINTS TEAM (SMDL 2.0),Gautam Parolia,3.0,0.0,24.0,2.0,8.0
200,3533,1,INDIANA PAINTS TEAM (SMDL 2.0),Vikas Linga,3.0,0.0,25.0,1.0,8.33
200,3533,1,INDIANA PAINTS TEAM (SMDL 2.0),Arun Madhu,4.0,0.0,34.0,1.0,8.5
200,3533,2,GIANTS CRICKET CLUB (SMDL 2.0),Sunil Punjabi,3.0,0.0,19.0,0.0,6.33
200,3533,2,GIANTS CRICKET CLUB (SMDL 2.0),Malay Jiwani,2.1,0.0,28.0,1.0,12.92
200,3533,2,GIANTS CRICKET CLUB (SMDL 2.0),Parag Raj,4.0,0.0,18.0,2.0,4.5
200,3533,2,GIANTS CRICKET CLUB (SMDL 2.0),Divya Mehta,2.0,0.0,23.0,0.0,11.5
200,3533,2,GIANTS CRICKET CLUB (SMDL 2.0),Harsh Shah,2.0,0.0,24.0,0.0,12.0
200,3533,2,GIANTS CRICKET CLUB (SMDL 2.0),Vinit Sheth,2.0,0.0,23.0,0.0,11.5
200,3533,2,GIANTS CRICKET CLUB (SMDL 2.0),Girish Singhania,1.0,0.0,14.0,0.0,14.0
200,3544,1,ALLIANZ CRICKET CLUB (SMDL 2.0),Siddharth Kadam,2.0,0.0,19.0,0.0,9.5
200,3544,1,ALLIANZ CRICKET CLUB (SMDL 2.0),Miraj Vora,2.0,0.0,24.0,0.0,12.0
200,3544,1,ALLIANZ CRICKET CLUB (SMDL 2.0),Deven Dhruva,4.0,0.0,32.0,1.0,8.0
200,3544,1,ALLIANZ CRICKET CLUB (SMDL 2.0),Abhishek Singh,3.0,0.0,30.0,0.0,10.0
200,3544,1,ALLIANZ CRICKET CLUB (SMDL 2.0),Sahil Shah,4.0,0.0,35.0,2.0,8.75
200,3544,1,ALLIANZ CRICKET CLUB (SMDL 2.0),Aditya Jain,2.0,0.0,20.0,0.0,10.0
200,3544,1,ALLIANZ CRICKET CLUB (SMDL 2.0),Jay Samant,3.0,0.0,24.0,2.0,8.0
200,3544,2,ANIMAL (SMDL 2.0),Kaustubh Gupte,3.0,0.0,29.0,2.0,9.67
200,3544,2,ANIMAL (SMDL 2.0),Rahul Sharma,3.0,0.0,16.0,1.0,5.33
200,3544,2,ANIMAL (SMDL 2.0),Rishi Mapara,4.0,0.0,38.0,1.0,9.5
200,3544,2,ANIMAL (SMDL 2.0),Nilay Shah,1.0,0.0,12.0,0.0,12.0
200,3544,2,ANIMAL (SMDL 2.0),Manavendra Mishra,4.0,0.0,36.0,0.0,9.0
200,3544,2,ANIMAL (SMDL 2.0),Sivanandan Konar,3.0,0.0,22.0,1.0,7.33
200,3544,2,ANIMAL (SMDL 2.0),Yogesh Wagh,2.0,0.0,13.0,3.0,6.5
200,3545,1,INDIANA PAINTS TEAM (SMDL 2.0),Shamit Desai,2.0,0.0,19.0,0.0,9.5
200,3545,1,INDIANA PAINTS TEAM (SMDL 2.0),Amol Saraf,4.0,0.0,18.0,2.0,4.5
200,3545,1,INDIANA PAINTS TEAM (SMDL 2.0),Jigar Parikh,3.0,0.0,24.0,1.0,8.0
200,3545,1,INDIANA PAINTS TEAM (SMDL 2.0),Karan Khushalani,4.0,0.0,23.0,1.0,5.75
200,3545,1,INDIANA PAINTS TEAM (SMDL 2.0),Vikas Linga,1.0,0.0,12.0,0.0,12.0
200,3545,1,INDIANA PAINTS TEAM (SMDL 2.0),Arun Madhu,3.0,0.0,19.0,2.0,6.33
200,3545,1,INDIANA PAINTS TEAM (SMDL 2.0),Gautam Parolia,1.4,0.0,10.0,1.0,6.0
200,3545,2,SPORTSTERS (SMDL 2.0),Hitesh Bhayani,2.0,0.0,11.0,0.0,5.5
200,3545,2,SPORTSTERS (SMDL 2.0),Jitendra Singh,2.0,0.0,16.0,0.0,8.0
200,3545,2,SPORTSTERS (SMDL 2.0),Suchit Shah,3.0,0.0,28.0,1.0,9.33
200,3545,2,SPORTSTERS (SMDL 2.0),Mehul Shah,1.1,0.0,16.0,0.0,13.71
200,3545,2,SPORTSTERS (SMDL 2.0),Umesh Mehra,2.0,0.0,21.0,0.0,10.5
200,3545,2,SPORTSTERS (SMDL 2.0),Shagun Shah,2.0,0.0,13.0,1.0,6.5
200,3545,2,SPORTSTERS (SMDL 2.0),Partho Bakshi,1.0,0.0,18.0,1.0,18.0
